language,filename,blank,comment,code,"github.com/AlDanial/cloc v 1.92  T=1.20 s (1323.3 files/s, 86080.6 lines/s)"
JavaScript,Vieb/node_modules/lodash/lodash.js,1055,10184,5970
JavaScript,Vieb/node_modules/semver/semver.js,224,166,1206
JavaScript,Vieb/node_modules/lodash/core.js,236,2512,1129
JavaScript,Vieb/node_modules/@cliqz/adblocker/dist/cjs/src/filters/network.js,0,231,1099
JavaScript,Vieb/node_modules/@cliqz/adblocker/dist/es6/src/filters/network.js,0,231,1093
JavaScript,Vieb/node_modules/readable-stream/lib/_stream_readable.js,148,218,653
JavaScript,Vieb/node_modules/yauzl/index.js,50,119,627
JavaScript,Vieb/node_modules/minimatch/minimatch.js,143,223,557
JavaScript,Vieb/node_modules/tldts-experimental/dist/cjs/index.js,14,231,552
JavaScript,Vieb/node_modules/glob/glob.js,140,102,545
JavaScript,Vieb/node_modules/@cliqz/adblocker/dist/cjs/src/engine/engine.js,0,159,505
JavaScript,Vieb/node_modules/http-cache-semantics/index.js,68,100,505
JavaScript,Vieb/node_modules/@cliqz/adblocker/dist/es6/src/engine/engine.js,0,159,501
JavaScript,Vieb/node_modules/@cliqz/adblocker/dist/cjs/src/filters/cosmetic.js,0,151,457
JavaScript,Vieb/node_modules/global-tunnel-ng/test/index.js,69,12,454
JavaScript,Vieb/node_modules/@cliqz/adblocker/dist/es6/src/filters/cosmetic.js,0,151,453
JavaScript,Vieb/node_modules/typedarray/index.js,109,71,450
JavaScript,Vieb/node_modules/@cliqz/adblocker-extended-selectors/dist/cjs/src/parse.js,0,61,442
JavaScript,Vieb/node_modules/@cliqz/adblocker-extended-selectors/dist/es6/src/parse.js,0,61,433
JavaScript,Vieb/node_modules/readable-stream/lib/_stream_writable.js,118,138,431
JavaScript,Vieb/node_modules/tldts-core/dist/cjs/index.js,11,148,395
JavaScript,Vieb/node_modules/global-agent/node_modules/semver/classes/range.js,61,68,381
JavaScript,Vieb/node_modules/@cliqz/adblocker/dist/cjs/src/engine/bucket/cosmetic.js,0,107,379
JavaScript,Vieb/node_modules/@cliqz/adblocker/dist/es6/src/engine/bucket/cosmetic.js,0,107,374
JavaScript,Vieb/node_modules/@cliqz/adblocker/dist/cjs/src/data-view.js,0,87,371
JavaScript,Vieb/node_modules/yallist/yallist.js,59,3,364
JavaScript,Vieb/node_modules/@cliqz/adblocker/dist/es6/src/data-view.js,0,87,352
JavaScript,Vieb/node_modules/lodash/fp/_baseConvert.js,53,166,350
JavaScript,Vieb/node_modules/glob/sync.js,90,47,346
JavaScript,Vieb/node_modules/graceful-fs/graceful-fs.js,55,34,340
JavaScript,Vieb/node_modules/fd-slicer/test/test.js,18,0,332
JavaScript,Vieb/node_modules/lodash/fp/_mapping.js,15,15,328
JavaScript,Vieb/node_modules/fast-xml-parser/src/validator.js,40,57,316
JavaScript,Vieb/node_modules/@cliqz/adblocker/dist/cjs/src/utils.js,0,52,294
JavaScript,Vieb/node_modules/fast-xml-parser/src/xmlstr2xmlnode.js,31,26,282
JavaScript,Vieb/node_modules/rimraf/rimraf.js,50,33,277
JavaScript,Vieb/node_modules/@cliqz/adblocker/dist/es6/src/utils.js,0,52,270
JavaScript,Vieb/node_modules/graceful-fs/polyfills.js,38,40,270
JavaScript,Vieb/node_modules/@cliqz/adblocker/dist/cjs/src/engine/reverse-index.js,0,216,263
JavaScript,Vieb/node_modules/@cliqz/adblocker/dist/es6/src/engine/reverse-index.js,0,216,260
JavaScript,Vieb/node_modules/lru-cache/index.js,52,22,260
JavaScript,Vieb/node_modules/@cliqz/adblocker/dist/cjs/src/codebooks/cosmetic-selector.js,0,9,258
JavaScript,Vieb/node_modules/@cliqz/adblocker/dist/cjs/src/codebooks/network-hostname.js,0,9,258
JavaScript,Vieb/node_modules/@cliqz/adblocker/dist/cjs/src/codebooks/raw-cosmetic.js,0,9,258
JavaScript,Vieb/node_modules/@cliqz/adblocker/dist/es6/src/codebooks/cosmetic-selector.js,0,9,256
JavaScript,Vieb/node_modules/@cliqz/adblocker/dist/es6/src/codebooks/network-hostname.js,0,9,256
JavaScript,Vieb/node_modules/@cliqz/adblocker/dist/es6/src/codebooks/raw-cosmetic.js,0,9,256
JavaScript,Vieb/node_modules/fd-slicer/index.js,40,3,253
JavaScript,Vieb/node_modules/got/source/request-as-event-emitter.js,54,11,247
JavaScript,Vieb/node_modules/fast-xml-parser/src/json2xml.js,21,16,243
JavaScript,Vieb/node_modules/fs-extra/lib/remove/rimraf.js,41,30,243
JavaScript,Vieb/node_modules/global-tunnel-ng/index.js,43,63,242
JavaScript,Vieb/node_modules/config-chain/index.js,31,10,241
JavaScript,Vieb/node_modules/@cliqz/adblocker/dist/cjs/src/request.js,0,36,233
JavaScript,Vieb/node_modules/global-agent/node_modules/semver/classes/semver.js,29,29,229
JavaScript,Vieb/node_modules/@sindresorhus/is/dist/index.js,0,17,228
JavaScript,Vieb/node_modules/@cliqz/adblocker/dist/es6/src/request.js,0,36,223
JavaScript,Vieb/node_modules/tunnel/lib/tunnel.js,34,9,221
JavaScript,Vieb/node_modules/string_decoder/lib/string_decoder.js,23,55,218
JavaScript,Vieb/node_modules/minimist/index.js,33,3,213
JavaScript,Vieb/node_modules/cacheable-request/src/index.js,34,7,210
JavaScript,Vieb/node_modules/sprintf-js/src/sprintf.js,15,7,209
JavaScript,Vieb/node_modules/got/source/normalize-arguments.js,49,10,206
JavaScript,Vieb/node_modules/json-stringify-safe/test/stringify_test.js,40,4,202
JavaScript,Vieb/node_modules/@cliqz/adblocker/dist/cjs/src/punycode.js,0,148,198
JavaScript,Vieb/node_modules/@cliqz/adblocker-electron-preload/dist/preload.cjs.js,4,58,196
JavaScript,Vieb/node_modules/fs.realpath/old.js,46,61,196
JavaScript,Vieb/node_modules/@cliqz/adblocker-electron-preload/dist/preload.es6.js,3,58,195
JavaScript,Vieb/node_modules/@cliqz/adblocker/dist/cjs/src/lists.js,0,53,193
JavaScript,Vieb/node_modules/@cliqz/adblocker/dist/es6/src/punycode.js,0,148,191
JavaScript,Vieb/node_modules/@cliqz/adblocker-electron/dist/cjs/adblocker.js,0,43,188
JavaScript,Vieb/node_modules/@cliqz/adblocker/dist/cjs/src/codebooks/raw-network.js,0,81,186
JavaScript,Vieb/node_modules/@cliqz/adblocker/dist/es6/src/codebooks/raw-network.js,0,81,184
JavaScript,Vieb/node_modules/@cliqz/adblocker/dist/es6/src/lists.js,0,53,183
JavaScript,Vieb/node_modules/fs-extra/lib/copy/copy.js,26,7,179
JavaScript,Vieb/node_modules/@cliqz/adblocker/dist/cjs/src/codebooks/network-filter.js,0,90,177
JavaScript,Vieb/node_modules/@cliqz/adblocker/dist/es6/src/codebooks/network-filter.js,0,90,175
JavaScript,Vieb/node_modules/debug/src/node.js,32,56,175
JavaScript,Vieb/node_modules/glob/common.js,37,28,171
JavaScript,Vieb/node_modules/@cliqz/adblocker-electron/dist/es6/adblocker.js,0,43,168
JavaScript,Vieb/node_modules/ini/ini.js,26,12,168
JavaScript,Vieb/node_modules/minimist/test/parse.js,26,4,167
JavaScript,Vieb/node_modules/debug/src/browser.js,26,77,166
JavaScript,Vieb/node_modules/@cliqz/adblocker/dist/cjs/src/engine/domains.js,0,16,163
JavaScript,Vieb/node_modules/@cliqz/adblocker/dist/cjs/src/html-filtering.js,0,47,163
JavaScript,Vieb/node_modules/extract-zip/index.js,39,11,161
JavaScript,Vieb/node_modules/@cliqz/adblocker/dist/cjs/src/engine/optimizer.js,0,14,160
JavaScript,Vieb/node_modules/@cliqz/adblocker/dist/es6/src/engine/domains.js,0,16,159
JavaScript,Vieb/node_modules/debug/src/common.js,43,72,159
JavaScript,Vieb/node_modules/brace-expansion/index.js,32,14,155
JavaScript,Vieb/node_modules/minimist/test/bool.js,22,1,155
JavaScript,Vieb/node_modules/@cliqz/adblocker-content/dist/cjs/adblocker.js,0,43,154
JavaScript,Vieb/node_modules/@cliqz/adblocker/dist/es6/src/engine/optimizer.js,0,14,154
JavaScript,Vieb/node_modules/@cliqz/adblocker/dist/es6/src/html-filtering.js,0,47,154
JavaScript,Vieb/node_modules/fs-extra/lib/util/stat.js,12,6,154
JavaScript,Vieb/node_modules/npm-conf/lib/defaults.js,12,3,154
JavaScript,Vieb/node_modules/global-agent/src/classes/Agent.js,40,21,151
JavaScript,Vieb/node_modules/normalize-url/index.js,46,25,150
JavaScript,Vieb/node_modules/semver/bin/semver.js,22,3,149
JavaScript,Vieb/node_modules/global-agent/node_modules/semver/ranges/subset.js,23,51,148
JavaScript,Vieb/node_modules/@cliqz/adblocker-content/dist/es6/adblocker.js,0,43,147
JavaScript,Vieb/node_modules/roarr/dist/factories/createLogger.js,46,7,139
JavaScript,Vieb/node_modules/global-agent/src/factories/createGlobalProxyAgent.js,37,23,137
JavaScript,Vieb/node_modules/strnum/strnum.test.js,13,0,137
JavaScript,Vieb/node_modules/npm-conf/lib/conf.js,32,7,135
JavaScript,Vieb/node_modules/global-agent/dist/classes/Agent.js,26,14,134
JavaScript,Vieb/node_modules/global-agent/node_modules/semver/bin/semver.js,36,3,134
JavaScript,Vieb/node_modules/lodash/_baseClone.js,11,21,134
JavaScript,Vieb/node_modules/tldts-experimental/dist/cjs/src/packed-hashes.js,0,79,133
JavaScript,Vieb/node_modules/lodash/lodash.min.js,0,8,132
JavaScript,Vieb/node_modules/fs-extra/lib/copy-sync/copy-sync.js,26,7,131
JavaScript,Vieb/node_modules/tldts-experimental/dist/es6/src/packed-hashes.js,0,79,130
JavaScript,Vieb/node_modules/pend/test.js,8,0,129
JavaScript,Vieb/node_modules/@cliqz/adblocker-extended-selectors/dist/cjs/src/eval.js,0,40,128
JavaScript,Vieb/node_modules/concat-stream/index.js,19,0,125
JavaScript,Vieb/node_modules/fast-xml-parser/src/nimndata.js,14,7,123
JavaScript,Vieb/node_modules/@cliqz/adblocker-extended-selectors/dist/es6/src/eval.js,0,40,122
JavaScript,Vieb/node_modules/extract-zip/node_modules/debug/src/node.js,47,81,120
JavaScript,Vieb/node_modules/npm-conf/lib/types.js,3,4,120
JavaScript,Vieb/node_modules/tldts-core/dist/cjs/src/extract-hostname.js,0,29,120
JavaScript,Vieb/node_modules/got/source/utils/timed-out.js,27,15,118
JavaScript,Vieb/node_modules/global-agent/dist/factories/createGlobalProxyAgent.js,45,13,117
JavaScript,Vieb/node_modules/sumchecker/index.js,26,12,117
JavaScript,Vieb/node_modules/tldts-core/dist/es6/src/extract-hostname.js,0,29,117
JavaScript,Vieb/node_modules/@cliqz/adblocker/dist/cjs/src/resources.js,0,23,114
JavaScript,Vieb/node_modules/@remusao/smaz-compress/dist/cjs/index.js,0,1,113
JavaScript,Vieb/node_modules/global-agent/node_modules/semver/classes/comparator.js,20,2,113
JavaScript,Vieb/node_modules/@electron/get/dist/cjs/index.js,0,18,112
JavaScript,Vieb/node_modules/object-keys/implementation.js,7,3,112
JavaScript,Vieb/node_modules/@cliqz/adblocker/dist/es6/src/resources.js,0,23,111
JavaScript,Vieb/node_modules/ms/index.js,11,40,111
JavaScript,Vieb/node_modules/progress/lib/node-progress.js,34,91,111
JavaScript,Vieb/node_modules/define-properties/test/index.js,15,0,110
JavaScript,Vieb/node_modules/@remusao/smaz-compress/dist/es6/index.js,0,1,109
JavaScript,Vieb/node_modules/@cliqz/adblocker/dist/cjs/src/codebooks/network-csp.js,0,9,108
JavaScript,Vieb/node_modules/jsonfile/index.js,23,3,108
JavaScript,Vieb/node_modules/npm-conf/lib/util.js,36,4,107
JavaScript,Vieb/node_modules/@cliqz/adblocker/dist/es6/src/codebooks/network-csp.js,0,9,106
JavaScript,Vieb/node_modules/@electron/get/dist/esm/index.js,0,18,106
JavaScript,Vieb/node_modules/lodash/debounce.js,20,66,105
JavaScript,Vieb/node_modules/@cliqz/adblocker/dist/cjs/src/filters/dsl.js,0,8,104
JavaScript,Vieb/node_modules/@cliqz/adblocker-extended-selectors/dist/cjs/src/extended.js,0,31,103
JavaScript,Vieb/node_modules/lodash/template.js,25,144,103
JavaScript,Vieb/node_modules/buffer-crc32/index.js,9,0,102
JavaScript,Vieb/node_modules/@remusao/guess-url-type/dist/cjs/test/index.test.js,0,1,101
JavaScript,Vieb/node_modules/extract-zip/node_modules/ms/index.js,11,40,101
JavaScript,Vieb/node_modules/@cliqz/adblocker-extended-selectors/dist/es6/src/extended.js,0,31,99
JavaScript,Vieb/node_modules/@cliqz/adblocker/dist/es6/src/filters/dsl.js,0,8,99
JavaScript,Vieb/node_modules/extract-zip/node_modules/debug/src/debug.js,38,65,99
JavaScript,Vieb/node_modules/@remusao/guess-url-type/dist/es6/test/index.test.js,0,1,96
JavaScript,Vieb/node_modules/fast-xml-parser/cli.js,3,2,96
JavaScript,Vieb/node_modules/readable-stream/lib/_stream_transform.js,35,85,94
JavaScript,Vieb/node_modules/@cliqz/adblocker/dist/cjs/src/engine/bucket/network.js,0,20,93
JavaScript,Vieb/node_modules/minimist/test/unknown.js,9,0,93
JavaScript,Vieb/node_modules/@remusao/small/dist/cjs/index.js,0,75,92
JavaScript,Vieb/node_modules/got/source/errors.js,15,0,92
JavaScript,Vieb/node_modules/@remusao/smaz-compress/dist/cjs/index.test.js,0,2,91
JavaScript,Vieb/node_modules/global-agent/node_modules/semver/internal/re.js,43,48,91
JavaScript,Vieb/node_modules/@cliqz/adblocker/dist/es6/src/engine/bucket/network.js,0,20,90
JavaScript,Vieb/node_modules/graceful-fs/legacy-streams.js,26,2,90
JavaScript,Vieb/node_modules/keyv/src/index.js,13,0,90
JavaScript,Vieb/node_modules/@remusao/smaz-compress/dist/es6/index.test.js,0,2,89
JavaScript,Vieb/node_modules/@electron/get/dist/cjs/utils.js,0,19,88
JavaScript,Vieb/node_modules/extract-zip/node_modules/debug/src/browser.js,28,71,86
JavaScript,Vieb/node_modules/got/source/as-promise.js,21,3,84
JavaScript,Vieb/node_modules/p-cancelable/index.js,20,0,83
JavaScript,Vieb/node_modules/proto-list/proto-list.js,4,1,83
JavaScript,Vieb/node_modules/fs-extra/lib/fs/index.js,9,19,81
JavaScript,Vieb/node_modules/@cliqz/adblocker/dist/cjs/src/codebooks/network-redirect.js,0,9,80
JavaScript,Vieb/node_modules/@cliqz/adblocker/dist/cjs/src/engine/bucket/filters.js,0,41,80
JavaScript,Vieb/node_modules/electron/install.js,17,5,80
JavaScript,Vieb/node_modules/serialize-error/index.js,19,2,80
JavaScript,Vieb/node_modules/tldts-core/dist/cjs/src/factory.js,0,26,79
JavaScript,Vieb/node_modules/@cliqz/adblocker/dist/es6/src/codebooks/network-redirect.js,0,9,78
JavaScript,Vieb/node_modules/@szmarczak/http-timer/source/index.js,19,2,78
JavaScript,Vieb/node_modules/@cliqz/adblocker/dist/es6/src/engine/bucket/filters.js,0,41,77
JavaScript,Vieb/node_modules/fast-xml-parser/src/util.js,13,18,77
JavaScript,Vieb/node_modules/mkdirp/index.js,14,11,77
JavaScript,Vieb/node_modules/@electron/get/dist/esm/utils.js,0,19,76
JavaScript,Vieb/node_modules/end-of-stream/index.js,19,0,75
JavaScript,Vieb/node_modules/@electron/get/dist/cjs/GotDownloader.js,0,3,73
JavaScript,Vieb/node_modules/fs-extra/lib/ensure/symlink-paths.js,5,21,73
JavaScript,Vieb/node_modules/tldts-core/dist/es6/src/factory.js,0,26,73
JavaScript,Vieb/node_modules/got/source/progress.js,16,8,72
JavaScript,Vieb/node_modules/lodash/_baseMergeDeep.js,6,16,72
JavaScript,Vieb/node_modules/npm-conf/lib/make.js,18,2,71
JavaScript,Vieb/node_modules/@electron/get/dist/esm/GotDownloader.js,0,3,70
JavaScript,Vieb/node_modules/lodash/_equalByTag.js,15,27,70
JavaScript,Vieb/node_modules/pify/index.js,14,0,70
JavaScript,Vieb/node_modules/strnum/strnum.js,16,38,70
JavaScript,Vieb/node_modules/got/source/as-stream.js,21,3,69
JavaScript,Vieb/node_modules/core-util-is/lib/util.js,17,22,68
JavaScript,Vieb/node_modules/lodash/_createWrap.js,10,28,68
JavaScript,Vieb/node_modules/lodash/array.js,0,0,67
JavaScript,Vieb/node_modules/fs-extra/lib/util/utimes.js,9,4,66
JavaScript,Vieb/node_modules/lodash/_createHybrid.js,6,20,66
JavaScript,Vieb/node_modules/readable-stream/lib/internal/streams/BufferList.js,13,0,66
JavaScript,Vieb/node_modules/tldts-core/dist/cjs/src/lookup/fast-path.js,0,3,66
JavaScript,Vieb/node_modules/@remusao/small/dist/es6/index.js,0,75,65
JavaScript,Vieb/node_modules/fast-xml-parser/src/parser.js,9,2,65
JavaScript,Vieb/node_modules/got/source/create.js,13,2,64
JavaScript,Vieb/node_modules/lodash/truncate.js,8,39,64
JavaScript,Vieb/node_modules/pump/index.js,18,0,64
JavaScript,Vieb/node_modules/readable-stream/lib/_stream_duplex.js,24,43,64
JavaScript,Vieb/node_modules/global-agent/node_modules/semver/ranges/outside.js,10,7,63
JavaScript,Vieb/node_modules/minimist/test/short.js,4,0,63
JavaScript,Vieb/node_modules/tldts-core/dist/es6/src/lookup/fast-path.js,0,3,63
JavaScript,Vieb/node_modules/lodash/_equalObjects.js,9,19,62
JavaScript,Vieb/node_modules/got/source/merge.js,12,0,61
JavaScript,Vieb/node_modules/rimraf/bin.js,6,1,61
JavaScript,Vieb/node_modules/es6-error/lib/index.js,18,1,60
JavaScript,Vieb/node_modules/lodash/_createFlow.js,9,9,60
JavaScript,Vieb/node_modules/lodash/_equalArrays.js,7,17,60
JavaScript,Vieb/node_modules/@cliqz/adblocker/dist/cjs/src/config.js,0,10,59
JavaScript,Vieb/node_modules/@cliqz/adblocker/dist/cjs/src/events.js,0,37,59
JavaScript,Vieb/node_modules/@remusao/guess-url-type/dist/cjs/index.js,0,7,59
JavaScript,Vieb/node_modules/duplexer3/index.js,17,0,59
JavaScript,Vieb/node_modules/@electron/get/dist/cjs/Cache.js,0,2,58
JavaScript,Vieb/node_modules/lodash/lang.js,0,0,58
JavaScript,Vieb/node_modules/fs-extra/lib/move/move.js,8,0,57
JavaScript,Vieb/node_modules/fs.realpath/index.js,9,0,57
JavaScript,Vieb/node_modules/global-agent/src/types.js,8,1,57
JavaScript,Vieb/node_modules/got/source/index.js,3,0,57
JavaScript,Vieb/node_modules/lodash/_baseUniq.js,5,10,57
JavaScript,Vieb/node_modules/lodash/_deburrLetter.js,3,11,57
JavaScript,Vieb/node_modules/@cliqz/adblocker/dist/es6/src/config.js,0,10,56
JavaScript,Vieb/node_modules/@remusao/guess-url-type/dist/es6/index.js,0,7,56
JavaScript,Vieb/node_modules/json-buffer/test/index.js,7,0,56
JavaScript,Vieb/node_modules/lodash/_baseIntersection.js,7,11,56
JavaScript,Vieb/node_modules/matcher/index.js,20,1,56
JavaScript,Vieb/node_modules/@cliqz/adblocker/dist/cjs/src/compact-set.js,0,8,55
JavaScript,Vieb/node_modules/@cliqz/adblocker/dist/es6/src/events.js,0,37,55
JavaScript,Vieb/node_modules/@electron/get/dist/esm/Cache.js,0,2,55
JavaScript,Vieb/node_modules/env-paths/index.js,14,5,55
JavaScript,Vieb/node_modules/es6-error/es6/index.js,16,1,55
JavaScript,Vieb/node_modules/buffer-from/index.js,17,1,54
JavaScript,Vieb/node_modules/fs-extra/lib/ensure/symlink.js,9,0,54
JavaScript,Vieb/node_modules/global-tunnel-ng/test/end-to-end.js,13,4,54
JavaScript,Vieb/node_modules/lodash/_baseIsEqualDeep.js,11,18,54
JavaScript,Vieb/node_modules/lodash/_mergeData.js,8,28,54
JavaScript,Vieb/node_modules/readable-stream/lib/internal/streams/destroy.js,14,6,54
JavaScript,Vieb/node_modules/tldts-core/dist/cjs/src/is-ip.js,0,18,54
JavaScript,Vieb/node_modules/@electron/get/dist/cjs/artifact-utils.js,0,3,53
JavaScript,Vieb/node_modules/lodash/_unicodeWords.js,5,11,53
JavaScript,Vieb/node_modules/@cliqz/adblocker/dist/cjs/src/fetch.js,0,25,52
JavaScript,Vieb/node_modules/balanced-match/index.js,10,0,52
JavaScript,Vieb/node_modules/core-util-is/test.js,16,0,52
JavaScript,Vieb/node_modules/fs-extra/lib/ensure/link.js,9,0,52
JavaScript,Vieb/node_modules/lodash/_initCloneByTag.js,12,13,52
JavaScript,Vieb/node_modules/minimist/test/proto.js,7,1,52
JavaScript,Vieb/node_modules/pump/test-browser.js,14,0,52
JavaScript,Vieb/node_modules/safe-buffer/index.js,7,4,51
JavaScript,Vieb/node_modules/tldts-core/dist/es6/src/is-ip.js,0,18,51
JavaScript,Vieb/node_modules/@cliqz/adblocker/dist/cjs/adblocker.js,0,8,50
JavaScript,Vieb/node_modules/fast-xml-parser/src/node2json_str.js,9,4,50
JavaScript,Vieb/node_modules/lodash/_baseDifference.js,5,12,50
JavaScript,Vieb/node_modules/lodash/_lazyValue.js,9,10,50
JavaScript,Vieb/node_modules/@electron/get/dist/esm/artifact-utils.js,0,3,49
JavaScript,Vieb/node_modules/define-properties/index.js,8,1,49
JavaScript,Vieb/node_modules/global-agent/node_modules/semver/ranges/min-version.js,7,4,49
JavaScript,Vieb/node_modules/lodash/object.js,0,0,49
JavaScript,Vieb/node_modules/pend/index.js,6,0,49
JavaScript,Vieb/node_modules/@cliqz/adblocker/dist/cjs/src/encoding.js,0,30,48
JavaScript,Vieb/node_modules/@cliqz/adblocker/dist/es6/src/compact-set.js,0,8,48
JavaScript,Vieb/node_modules/fs-extra/lib/mkdirs/mkdirs.js,10,5,48
JavaScript,Vieb/node_modules/proto-list/test/basic.js,11,2,48
JavaScript,Vieb/node_modules/cacheable-request/node_modules/get-stream/index.js,11,2,47
JavaScript,Vieb/node_modules/global-agent/dist/utilities/bindHttpMethod.js,11,4,47
JavaScript,Vieb/node_modules/global-agent/node_modules/semver/index.js,0,1,47
JavaScript,Vieb/node_modules/json-buffer/index.js,8,3,47
JavaScript,Vieb/node_modules/@cliqz/adblocker/dist/es6/src/fetch.js,0,25,46
JavaScript,Vieb/node_modules/lodash/_baseIsMatch.js,5,11,46
JavaScript,Vieb/node_modules/lodash/_baseIsTypedArray.js,5,9,46
JavaScript,Vieb/node_modules/lodash/_baseSortedIndexBy.js,7,15,45
JavaScript,Vieb/node_modules/lodash/random.js,4,33,45
JavaScript,Vieb/node_modules/@cliqz/adblocker/dist/es6/src/encoding.js,0,30,44
JavaScript,Vieb/node_modules/defer-to-connect/dist/index.js,0,1,44
JavaScript,Vieb/node_modules/@remusao/smaz-decompress/dist/cjs/index.test.js,0,1,43
JavaScript,Vieb/node_modules/@cliqz/adblocker-electron-preload/dist/es6/preload.js,0,16,42
JavaScript,Vieb/node_modules/@remusao/smaz/dist/cjs/index.js,0,1,42
JavaScript,Vieb/node_modules/fs-extra/lib/ensure/file.js,7,0,42
JavaScript,Vieb/node_modules/fs-extra/lib/mkdirs/mkdirs-sync.js,10,2,42
JavaScript,Vieb/node_modules/global-agent/src/utilities/bindHttpMethod.js,8,4,42
JavaScript,Vieb/node_modules/process-nextick-args/index.js,3,0,42
JavaScript,Vieb/node_modules/@remusao/smaz-decompress/dist/es6/index.test.js,0,1,41
JavaScript,Vieb/node_modules/get-stream/index.js,9,0,41
JavaScript,Vieb/node_modules/lodash/_getTag.js,7,10,41
JavaScript,Vieb/node_modules/pump/test-node.js,12,0,41
JavaScript,Vieb/node_modules/tldts-core/dist/cjs/src/is-valid.js,0,25,41
JavaScript,Vieb/node_modules/fast-xml-parser/src/read.js,23,29,40
JavaScript,Vieb/node_modules/fs-extra/lib/empty/index.js,8,0,40
JavaScript,Vieb/node_modules/fs-extra/lib/move-sync/move-sync.js,7,0,40
JavaScript,Vieb/node_modules/global-agent/node_modules/semver/ranges/simplify.js,1,3,40
JavaScript,Vieb/node_modules/inflight/inflight.js,6,8,40
JavaScript,Vieb/node_modules/@cliqz/adblocker/dist/cjs/src/crc32.js,0,3,39
JavaScript,Vieb/node_modules/@remusao/trie/dist/cjs/index.js,0,1,39
JavaScript,Vieb/node_modules/cacheable-request/node_modules/get-stream/buffer-stream.js,13,0,39
JavaScript,Vieb/node_modules/get-stream/buffer-stream.js,12,0,39
JavaScript,Vieb/node_modules/global-agent/node_modules/semver/functions/cmp.js,9,0,39
JavaScript,Vieb/node_modules/global-agent/src/classes/HttpsProxyAgent.js,13,2,39
JavaScript,Vieb/node_modules/global-agent/dist/classes/HttpsProxyAgent.js,13,2,38
JavaScript,Vieb/node_modules/once/once.js,4,0,38
JavaScript,Vieb/node_modules/tldts-core/dist/es6/src/is-valid.js,0,25,38
JavaScript,Vieb/node_modules/@cliqz/adblocker/dist/es6/src/crc32.js,0,3,36
JavaScript,Vieb/node_modules/global-agent/src/factories/createProxyController.js,8,2,36
JavaScript,Vieb/node_modules/lodash/isEmpty.js,5,36,36
JavaScript,Vieb/node_modules/@remusao/smaz/dist/es6/index.js,0,1,35
JavaScript,Vieb/node_modules/@remusao/trie/dist/cjs/index.test.js,0,1,35
JavaScript,Vieb/node_modules/concat-map/test/map.js,4,0,35
JavaScript,Vieb/node_modules/global-agent/dist/factories/createProxyController.js,8,2,35
JavaScript,Vieb/node_modules/global-agent/node_modules/semver/functions/coerce.js,7,9,35
JavaScript,Vieb/node_modules/lodash/_baseOrderBy.js,5,9,35
JavaScript,Vieb/node_modules/lodash/_baseSet.js,6,10,35
JavaScript,Vieb/node_modules/roarr/dist/factories/createRoarrInititialGlobalState.js,16,2,35
JavaScript,Vieb/node_modules/@remusao/guess-url-type/dist/cjs/src/extensions/images.js,0,1,34
JavaScript,Vieb/node_modules/@remusao/trie/dist/es6/index.js,0,1,34
JavaScript,Vieb/node_modules/lodash/util.js,0,0,34
JavaScript,Vieb/node_modules/minimist/test/num.js,2,0,34
JavaScript,Vieb/node_modules/@remusao/smaz-decompress/dist/cjs/index.js,0,1,33
JavaScript,Vieb/node_modules/@remusao/trie/dist/es6/index.test.js,0,1,33
JavaScript,Vieb/node_modules/fs-extra/lib/output/index.js,7,0,33
JavaScript,Vieb/node_modules/lodash/omit.js,3,21,33
JavaScript,Vieb/node_modules/lodash/string.js,0,0,33
JavaScript,Vieb/node_modules/tldts-core/dist/cjs/src/domain.js,0,44,33
JavaScript,Vieb/node_modules/lodash/_basePullAll.js,6,13,32
JavaScript,Vieb/node_modules/lodash/_createCurry.js,5,9,32
JavaScript,Vieb/node_modules/lodash/_createRecurry.js,6,18,32
JavaScript,Vieb/node_modules/lodash/_updateWrapDetails.js,4,10,32
JavaScript,Vieb/node_modules/lodash/mixin.js,6,36,32
JavaScript,Vieb/node_modules/lodash/transform.js,3,30,32
JavaScript,Vieb/node_modules/@remusao/guess-url-type/dist/es6/src/extensions/images.js,0,1,31
JavaScript,Vieb/node_modules/fast-xml-parser/src/node2json.js,8,3,31
JavaScript,Vieb/node_modules/global-tunnel-ng/lib/agents.js,8,13,31
JavaScript,Vieb/node_modules/lodash/defaults.js,10,23,31
JavaScript,Vieb/node_modules/minimist/test/default_bool.js,4,0,31
JavaScript,Vieb/node_modules/npm-conf/index.js,11,1,31
JavaScript,Vieb/node_modules/util-deprecate/browser.js,8,28,31
JavaScript,Vieb/node_modules/@cliqz/adblocker-extended-selectors/dist/cjs/adblocker.js,0,8,30
JavaScript,Vieb/node_modules/@remusao/smaz/dist/cjs/index.test.js,0,1,30
JavaScript,Vieb/node_modules/global-agent/dist/utilities/parseProxyUrl.js,11,1,30
JavaScript,Vieb/node_modules/lodash/_arrayLikeKeys.js,5,14,30
JavaScript,Vieb/node_modules/lodash/collection.js,0,0,30
JavaScript,Vieb/node_modules/minimist/test/long.js,1,0,30
JavaScript,Vieb/node_modules/tldts-core/dist/es6/src/domain.js,0,44,30
JavaScript,Vieb/node_modules/@cliqz/adblocker/dist/cjs/src/tokens-buffer.js,0,14,29
JavaScript,Vieb/node_modules/@remusao/guess-url-type/dist/cjs/src/extname.js,0,2,29
JavaScript,Vieb/node_modules/@remusao/smaz-decompress/dist/es6/index.js,0,1,29
JavaScript,Vieb/node_modules/global-agent/dist/utilities/isUrlMatchingNoProxy.js,13,1,29
JavaScript,Vieb/node_modules/globalthis/test/tests.js,4,3,29
JavaScript,Vieb/node_modules/is-svg/index.js,9,3,29
JavaScript,Vieb/node_modules/lodash/_compareAscending.js,4,8,29
JavaScript,Vieb/node_modules/lodash/split.js,3,20,29
JavaScript,Vieb/node_modules/lodash/toNumber.js,7,28,29
JavaScript,Vieb/node_modules/lodash/wrapperAt.js,3,16,29
JavaScript,Vieb/node_modules/responselike/src/index.js,5,0,29
JavaScript,Vieb/node_modules/roarr/dist/factories/createMockLogger.js,11,4,29
JavaScript,Vieb/node_modules/tldts-experimental/dist/es6/index.js,0,4,29
JavaScript,Vieb/node_modules/@remusao/smaz/dist/es6/index.test.js,0,1,28
JavaScript,Vieb/node_modules/lodash/_baseMerge.js,3,11,28
JavaScript,Vieb/node_modules/lodash/_createMathOperation.js,2,8,28
JavaScript,Vieb/node_modules/lodash/_unicodeSize.js,5,11,28
JavaScript,Vieb/node_modules/lodash/toArray.js,5,25,28
JavaScript,Vieb/node_modules/minimist/test/dash.js,3,0,28
JavaScript,Vieb/node_modules/global-agent/src/utilities/isUrlMatchingNoProxy.js,9,1,27
JavaScript,Vieb/node_modules/global-agent/src/utilities/parseProxyUrl.js,8,1,27
JavaScript,Vieb/node_modules/mkdirp/bin/cmd.js,6,0,27
JavaScript,Vieb/node_modules/roarr/dist/log.js,11,4,27
JavaScript,Vieb/node_modules/semver-compare/test/cmp.js,2,0,27
JavaScript,Vieb/node_modules/fs-extra/lib/ensure/symlink-type.js,5,0,26
JavaScript,Vieb/node_modules/global-agent/dist/classes/index.js,5,1,26
JavaScript,Vieb/node_modules/global-agent/dist/utilities/index.js,5,1,26
JavaScript,Vieb/node_modules/global-agent/node_modules/semver/functions/parse.js,7,0,26
JavaScript,Vieb/node_modules/lodash/_composeArgsRight.js,3,12,26
JavaScript,Vieb/node_modules/lodash/_createAssigner.js,4,7,26
JavaScript,Vieb/node_modules/lodash/_hasPath.js,4,9,26
JavaScript,Vieb/node_modules/minimist/test/all_bool.js,6,0,26
JavaScript,Vieb/node_modules/object-keys/index.js,5,1,26
JavaScript,Vieb/node_modules/roarr/dist/factories/index.js,5,1,26
JavaScript,Vieb/node_modules/@cliqz/adblocker/dist/es6/src/tokens-buffer.js,0,14,25
JavaScript,Vieb/node_modules/@remusao/guess-url-type/dist/es6/src/extname.js,0,2,25
JavaScript,Vieb/node_modules/got/source/utils/get-body-size.js,7,0,25
JavaScript,Vieb/node_modules/inherits/inherits_browser.js,0,2,25
JavaScript,Vieb/node_modules/lodash/_createPartial.js,5,13,25
JavaScript,Vieb/node_modules/lodash/cond.js,5,30,25
JavaScript,Vieb/node_modules/lodash/function.js,0,0,25
JavaScript,Vieb/node_modules/@electron/get/dist/cjs/proxy.js,0,8,24
JavaScript,Vieb/node_modules/@remusao/small/dist/cjs/src/mp4.js,0,1,24
JavaScript,Vieb/node_modules/lodash/_baseSortedIndex.js,5,13,24
JavaScript,Vieb/node_modules/lodash/_composeArgs.js,3,12,24
JavaScript,Vieb/node_modules/lodash/_copyObject.js,6,10,24
JavaScript,Vieb/node_modules/lodash/_unicodeToArray.js,5,11,24
JavaScript,Vieb/node_modules/lodash/chunk.js,4,22,24
JavaScript,Vieb/node_modules/lodash/core.min.js,0,5,24
JavaScript,Vieb/node_modules/lodash/overArgs.js,5,32,24
JavaScript,Vieb/node_modules/mimic-response/index.js,4,4,24
JavaScript,Vieb/node_modules/wrappy/wrappy.js,4,5,24
JavaScript,Vieb/node_modules/extract-zip/node_modules/debug/karma.conf.js,24,23,23
JavaScript,Vieb/node_modules/got/source/get-response.js,8,0,23
JavaScript,Vieb/node_modules/lodash/_getRawTag.js,8,15,23
JavaScript,Vieb/node_modules/universalify/index.js,2,0,23
JavaScript,Vieb/node_modules/@cliqz/adblocker/dist/cjs/src/compression.js,0,8,22
JavaScript,Vieb/node_modules/@remusao/small/dist/es6/src/mp4.js,0,1,22
JavaScript,Vieb/node_modules/fs-extra/lib/index.js,2,4,22
JavaScript,Vieb/node_modules/global-agent/node_modules/semver/functions/diff.js,1,0,22
JavaScript,Vieb/node_modules/global-agent/node_modules/semver/ranges/max-satisfying.js,1,2,22
JavaScript,Vieb/node_modules/global-agent/node_modules/semver/ranges/min-satisfying.js,0,2,22
JavaScript,Vieb/node_modules/json-stringify-safe/stringify.js,5,0,22
JavaScript,Vieb/node_modules/lodash/_baseFlatten.js,4,12,22
JavaScript,Vieb/node_modules/lodash/_baseIsNative.js,8,17,22
JavaScript,Vieb/node_modules/lodash/_baseXor.js,4,10,22
JavaScript,Vieb/node_modules/lodash/_overRest.js,4,10,22
JavaScript,Vieb/node_modules/lodash/isPlainObject.js,7,33,22
JavaScript,Vieb/node_modules/lodash/memoize.js,5,46,22
JavaScript,Vieb/node_modules/lodash/remove.js,3,28,22
JavaScript,Vieb/node_modules/lodash/result.js,4,30,22
JavaScript,Vieb/node_modules/lodash/spread.js,5,36,22
JavaScript,Vieb/node_modules/lodash/times.js,7,22,22
JavaScript,Vieb/node_modules/lodash/trim.js,3,22,22
JavaScript,Vieb/node_modules/lodash/unzip.js,3,20,22
JavaScript,Vieb/node_modules/lodash/wrapperLodash.js,5,120,22
JavaScript,Vieb/node_modules/lodash/wrapperReverse.js,2,20,22
JavaScript,Vieb/node_modules/tldts-core/dist/cjs/src/options.js,0,1,22
JavaScript,Vieb/node_modules/@cliqz/adblocker-extended-selectors/dist/cjs/src/types.js,0,8,21
JavaScript,Vieb/node_modules/@electron/get/dist/esm/proxy.js,0,8,21
JavaScript,Vieb/node_modules/@remusao/small/dist/cjs/src/javascript.js,0,1,21
JavaScript,Vieb/node_modules/decompress-response/index.js,7,1,21
JavaScript,Vieb/node_modules/fs-extra/lib/json/output-json.js,6,0,21
JavaScript,Vieb/node_modules/global-agent/dist/classes/HttpProxyAgent.js,9,3,21
JavaScript,Vieb/node_modules/global-agent/dist/routines/bootstrap.js,8,1,21
JavaScript,Vieb/node_modules/global-agent/src/classes/HttpProxyAgent.js,6,3,21
JavaScript,Vieb/node_modules/globalthis/test/shimmed.js,8,0,21
JavaScript,Vieb/node_modules/lodash/_baseMatchesProperty.js,3,9,21
JavaScript,Vieb/node_modules/lodash/_basePullAt.js,5,11,21
JavaScript,Vieb/node_modules/lodash/_baseToString.js,4,12,21
JavaScript,Vieb/node_modules/lodash/_createBaseEach.js,3,8,21
JavaScript,Vieb/node_modules/lodash/_createCtor.js,3,13,21
JavaScript,Vieb/node_modules/lodash/_createRound.js,4,10,21
JavaScript,Vieb/node_modules/lodash/_shortOut.js,5,11,21
JavaScript,Vieb/node_modules/lodash/lastIndexOf.js,3,22,21
JavaScript,Vieb/node_modules/lodash/pad.js,4,24,21
JavaScript,Vieb/node_modules/lodash/plant.js,3,24,21
JavaScript,Vieb/node_modules/lodash/size.js,3,22,21
JavaScript,Vieb/node_modules/sprintf-js/src/angular-sprintf.js,2,1,21
JavaScript,Vieb/node_modules/electron/cli.js,5,0,20
JavaScript,Vieb/node_modules/globalthis/shim.js,2,0,20
JavaScript,Vieb/node_modules/got/source/utils/url-to-options.js,5,0,20
JavaScript,Vieb/node_modules/lodash/_Hash.js,4,8,20
JavaScript,Vieb/node_modules/lodash/_ListCache.js,4,8,20
JavaScript,Vieb/node_modules/lodash/_MapCache.js,4,8,20
JavaScript,Vieb/node_modules/lodash/_baseIteratee.js,2,9,20
JavaScript,Vieb/node_modules/lodash/_compareMultiple.js,3,21,20
JavaScript,Vieb/node_modules/lodash/_createCaseFirst.js,6,7,20
JavaScript,Vieb/node_modules/lodash/_createRange.js,2,8,20
JavaScript,Vieb/node_modules/lodash/_stackSet.js,3,11,20
JavaScript,Vieb/node_modules/lodash/assign.js,4,34,20
JavaScript,Vieb/node_modules/lodash/findLastIndex.js,3,36,20
JavaScript,Vieb/node_modules/lodash/throttle.js,4,45,20
JavaScript,Vieb/node_modules/@cliqz/adblocker/dist/es6/src/compression.js,0,8,19
JavaScript,Vieb/node_modules/boolean/build/lib/isBooleanable.js,0,0,19
JavaScript,Vieb/node_modules/global-agent/dist/factories/index.js,4,1,19
JavaScript,Vieb/node_modules/global-agent/node_modules/semver/internal/identifiers.js,4,0,19
JavaScript,Vieb/node_modules/globalthis/test/native.js,7,0,19
JavaScript,Vieb/node_modules/lodash/_baseFill.js,3,10,19
JavaScript,Vieb/node_modules/lodash/_baseKeysIn.js,5,9,19
JavaScript,Vieb/node_modules/lodash/_baseRepeat.js,4,12,19
JavaScript,Vieb/node_modules/lodash/_baseSlice.js,3,9,19
JavaScript,Vieb/node_modules/lodash/_createPadding.js,4,10,19
JavaScript,Vieb/node_modules/lodash/_createToPairs.js,3,8,19
JavaScript,Vieb/node_modules/lodash/_listCacheDelete.js,5,11,19
JavaScript,Vieb/node_modules/lodash/before.js,3,18,19
JavaScript,Vieb/node_modules/lodash/intersectionBy.js,3,23,19
JavaScript,Vieb/node_modules/lodash/slice.js,2,16,19
JavaScript,Vieb/node_modules/lodash/trimEnd.js,3,19,19
JavaScript,Vieb/node_modules/lodash/trimStart.js,4,20,19
JavaScript,Vieb/node_modules/minimist/test/dotted.js,3,0,19
JavaScript,Vieb/node_modules/readable-stream/readable.js,0,0,19
JavaScript,Vieb/node_modules/roarr/dist/factories/createNodeWriter.js,4,2,19
JavaScript,Vieb/node_modules/7zip-bin/index.js,4,0,18
JavaScript,Vieb/node_modules/@remusao/small/dist/es6/src/javascript.js,0,1,18
JavaScript,Vieb/node_modules/electron/index.js,3,0,18
JavaScript,Vieb/node_modules/fs-extra/lib/ensure/index.js,2,3,18
JavaScript,Vieb/node_modules/global-agent/dist/index.js,3,1,18
JavaScript,Vieb/node_modules/global-agent/src/routines/bootstrap.js,6,1,18
JavaScript,Vieb/node_modules/lodash/_baseCreate.js,3,9,18
JavaScript,Vieb/node_modules/lodash/_baseExtremum.js,4,10,18
JavaScript,Vieb/node_modules/lodash/_createOver.js,2,7,18
JavaScript,Vieb/node_modules/lodash/_getView.js,4,11,18
JavaScript,Vieb/node_modules/lodash/_isIterateeCall.js,2,10,18
JavaScript,Vieb/node_modules/lodash/clamp.js,2,19,18
JavaScript,Vieb/node_modules/lodash/concat.js,3,22,18
JavaScript,Vieb/node_modules/lodash/includes.js,4,31,18
JavaScript,Vieb/node_modules/tldts-core/dist/es6/src/options.js,0,1,18
JavaScript,Vieb/node_modules/@remusao/small/dist/cjs/src/html.js,0,1,17
JavaScript,Vieb/node_modules/extract-zip/cli.js,3,0,17
JavaScript,Vieb/node_modules/fs-extra/lib/mkdirs/win32.js,5,3,17
JavaScript,Vieb/node_modules/graceful-fs/clone.js,6,0,17
JavaScript,Vieb/node_modules/lodash/_baseConformsTo.js,2,8,17
JavaScript,Vieb/node_modules/lodash/_baseKeys.js,4,9,17
JavaScript,Vieb/node_modules/lodash/_basePickBy.js,4,9,17
JavaScript,Vieb/node_modules/lodash/_baseSortedUniq.js,4,9,17
JavaScript,Vieb/node_modules/lodash/_getFuncName.js,5,9,17
JavaScript,Vieb/node_modules/lodash/_isKey.js,3,9,17
JavaScript,Vieb/node_modules/lodash/_isLaziable.js,3,8,17
JavaScript,Vieb/node_modules/lodash/bindKey.js,4,47,17
JavaScript,Vieb/node_modules/lodash/intersectionWith.js,3,21,17
JavaScript,Vieb/node_modules/lodash/invertBy.js,6,33,17
JavaScript,Vieb/node_modules/lodash/math.js,0,0,17
JavaScript,Vieb/node_modules/lodash/negate.js,2,21,17
JavaScript,Vieb/node_modules/lodash/pickBy.js,2,18,17
JavaScript,Vieb/node_modules/lodash/sortBy.js,2,29,17
JavaScript,Vieb/node_modules/typedarray/test/server/undef_globals.js,2,0,17
JavaScript,Vieb/node_modules/@cliqz/adblocker-extended-selectors/dist/es6/src/types.js,0,8,16
JavaScript,Vieb/node_modules/@remusao/small/dist/cjs/src/txt.js,0,1,16
JavaScript,Vieb/node_modules/boolean/build/lib/boolean.js,0,0,16
JavaScript,Vieb/node_modules/lodash/_Stack.js,3,8,16
JavaScript,Vieb/node_modules/lodash/_cloneBuffer.js,7,12,16
JavaScript,Vieb/node_modules/lodash/_createBaseFor.js,2,7,16
JavaScript,Vieb/node_modules/lodash/_createFind.js,2,7,16
JavaScript,Vieb/node_modules/lodash/_replaceHolders.js,3,10,16
JavaScript,Vieb/node_modules/lodash/_shuffleSelf.js,4,8,16
JavaScript,Vieb/node_modules/lodash/bind.js,4,37,16
JavaScript,Vieb/node_modules/lodash/differenceBy.js,2,26,16
JavaScript,Vieb/node_modules/lodash/endsWith.js,4,23,16
JavaScript,Vieb/node_modules/lodash/findIndex.js,3,36,16
JavaScript,Vieb/node_modules/lodash/fp/_util.js,0,0,16
JavaScript,Vieb/node_modules/lodash/orderBy.js,2,29,16
JavaScript,Vieb/node_modules/lodash/seq.js,0,0,16
JavaScript,Vieb/node_modules/lodash/unzipWith.js,2,21,16
JavaScript,Vieb/node_modules/@remusao/small/dist/cjs/src/jpeg.js,0,1,15
JavaScript,Vieb/node_modules/@remusao/small/dist/cjs/src/mp3.js,0,1,15
JavaScript,Vieb/node_modules/fast-xml-parser/src/xmlNode.js,1,1,15
JavaScript,Vieb/node_modules/isarray/test.js,5,0,15
JavaScript,Vieb/node_modules/lodash/_LazyWrapper.js,4,9,15
JavaScript,Vieb/node_modules/lodash/_baseGetTag.js,4,9,15
JavaScript,Vieb/node_modules/lodash/_getSymbols.js,5,10,15
JavaScript,Vieb/node_modules/lodash/_nodeUtil.js,8,7,15
JavaScript,Vieb/node_modules/lodash/differenceWith.js,2,23,15
JavaScript,Vieb/node_modules/lodash/inRange.js,2,38,15
JavaScript,Vieb/node_modules/lodash/indexOf.js,3,24,15
JavaScript,Vieb/node_modules/lodash/invokeMap.js,3,23,15
JavaScript,Vieb/node_modules/lodash/pullAt.js,4,24,15
JavaScript,Vieb/node_modules/lodash/sampleSize.js,2,20,15
JavaScript,Vieb/node_modules/lodash/toFinite.js,3,24,15
JavaScript,Vieb/node_modules/object-keys/isArguments.js,2,0,15
JavaScript,Vieb/node_modules/@remusao/guess-url-type/dist/cjs/src/extensions/medias.js,0,1,14
JavaScript,Vieb/node_modules/@remusao/small/dist/es6/src/html.js,0,1,14
JavaScript,Vieb/node_modules/global-agent/dist/errors.js,6,2,14
JavaScript,Vieb/node_modules/lodash/_SetCache.js,4,9,14
JavaScript,Vieb/node_modules/lodash/_arrayFilter.js,2,9,14
JavaScript,Vieb/node_modules/lodash/_baseAssignValue.js,2,9,14
JavaScript,Vieb/node_modules/lodash/_getSymbolsIn.js,3,8,14
JavaScript,Vieb/node_modules/lodash/_reorder.js,4,11,14
JavaScript,Vieb/node_modules/lodash/_stringToPath.js,4,9,14
JavaScript,Vieb/node_modules/lodash/_toSource.js,3,9,14
JavaScript,Vieb/node_modules/lodash/_wrapperClone.js,2,7,14
JavaScript,Vieb/node_modules/lodash/after.js,3,25,14
JavaScript,Vieb/node_modules/lodash/compact.js,2,15,14
JavaScript,Vieb/node_modules/lodash/deburr.js,6,25,14
JavaScript,Vieb/node_modules/lodash/fill.js,2,29,14
JavaScript,Vieb/node_modules/lodash/isError.js,3,19,14
JavaScript,Vieb/node_modules/lodash/isFunction.js,3,20,14
JavaScript,Vieb/node_modules/lodash/templateSettings.js,8,45,14
JavaScript,Vieb/node_modules/lodash/toPath.js,2,17,14
JavaScript,Vieb/node_modules/lodash/unionBy.js,2,23,14
JavaScript,Vieb/node_modules/lodash/xorBy.js,2,23,14
JavaScript,Vieb/node_modules/path-is-absolute/index.js,4,2,14
JavaScript,Vieb/node_modules/roarr/dist/constants.js,1,1,14
JavaScript,Vieb/node_modules/@remusao/small/dist/cjs/src/flv.js,0,1,13
JavaScript,Vieb/node_modules/@remusao/small/dist/cjs/src/gif.js,0,1,13
JavaScript,Vieb/node_modules/@remusao/small/dist/cjs/src/ico.js,0,1,13
JavaScript,Vieb/node_modules/@remusao/small/dist/cjs/src/json.js,0,1,13
JavaScript,Vieb/node_modules/@remusao/small/dist/cjs/src/pdf.js,0,1,13
JavaScript,Vieb/node_modules/@remusao/small/dist/cjs/src/png.js,0,1,13
JavaScript,Vieb/node_modules/@remusao/small/dist/cjs/src/svg.js,0,1,13
JavaScript,Vieb/node_modules/@remusao/small/dist/cjs/src/wav.js,0,1,13
JavaScript,Vieb/node_modules/@remusao/small/dist/cjs/src/webm.js,0,1,13
JavaScript,Vieb/node_modules/@remusao/small/dist/cjs/src/webp.js,0,1,13
JavaScript,Vieb/node_modules/@remusao/small/dist/cjs/src/wmv.js,0,1,13
JavaScript,Vieb/node_modules/@remusao/small/dist/es6/src/txt.js,0,1,13
JavaScript,Vieb/node_modules/fs-extra/lib/json/output-json-sync.js,5,0,13
JavaScript,Vieb/node_modules/global-agent/node_modules/semver/functions/inc.js,2,0,13
JavaScript,Vieb/node_modules/globalthis/index.js,6,0,13
JavaScript,Vieb/node_modules/lodash/_baseMatches.js,2,7,13
JavaScript,Vieb/node_modules/lodash/_baseRange.js,3,12,13
JavaScript,Vieb/node_modules/lodash/_baseSum.js,2,9,13
JavaScript,Vieb/node_modules/lodash/_baseWrapperValue.js,2,10,13
JavaScript,Vieb/node_modules/lodash/_createBind.js,4,11,13
JavaScript,Vieb/node_modules/lodash/_getMatchData.js,4,7,13
JavaScript,Vieb/node_modules/lodash/_hashGet.js,5,12,13
JavaScript,Vieb/node_modules/lodash/_lazyClone.js,2,8,13
JavaScript,Vieb/node_modules/lodash/_lazyReverse.js,2,8,13
JavaScript,Vieb/node_modules/lodash/_listCacheSet.js,3,10,13
JavaScript,Vieb/node_modules/lodash/_memoizeCapped.js,4,9,13
JavaScript,Vieb/node_modules/lodash/bindAll.js,2,26,13
JavaScript,Vieb/node_modules/lodash/every.js,2,41,13
JavaScript,Vieb/node_modules/lodash/invert.js,5,24,13
JavaScript,Vieb/node_modules/lodash/padEnd.js,3,23,13
JavaScript,Vieb/node_modules/lodash/padStart.js,3,23,13
JavaScript,Vieb/node_modules/lodash/parseInt.js,4,26,13
JavaScript,Vieb/node_modules/lodash/repeat.js,2,22,13
JavaScript,Vieb/node_modules/lodash/some.js,2,36,13
JavaScript,Vieb/node_modules/lodash/sortedIndexOf.js,2,16,13
JavaScript,Vieb/node_modules/lodash/sortedLastIndexOf.js,2,16,13
JavaScript,Vieb/node_modules/lodash/startsWith.js,3,23,13
JavaScript,Vieb/node_modules/lodash/words.js,3,19,13
JavaScript,Vieb/node_modules/readable-stream/lib/_stream_passthrough.js,9,25,13
JavaScript,Vieb/node_modules/semver-compare/example/cmp.js,0,0,13
JavaScript,Vieb/node_modules/semver-compare/index.js,0,0,13
JavaScript,Vieb/node_modules/@cliqz/adblocker/dist/es6/adblocker.js,0,8,12
JavaScript,Vieb/node_modules/@remusao/small/dist/es6/src/jpeg.js,0,1,12
JavaScript,Vieb/node_modules/@remusao/small/dist/es6/src/mp3.js,0,1,12
JavaScript,Vieb/node_modules/clone-response/src/index.js,5,0,12
JavaScript,Vieb/node_modules/concat-map/index.js,1,0,12
JavaScript,Vieb/node_modules/fs-extra/lib/json/index.js,3,1,12
JavaScript,Vieb/node_modules/fs-extra/lib/mkdirs/index.js,1,1,12
JavaScript,Vieb/node_modules/global-agent/dist/Logger.js,5,1,12
JavaScript,Vieb/node_modules/global-agent/dist/routines/index.js,3,1,12
JavaScript,Vieb/node_modules/lodash/_LodashWrapper.js,3,7,12
JavaScript,Vieb/node_modules/lodash/_arrayReduce.js,2,12,12
JavaScript,Vieb/node_modules/lodash/_assignValue.js,4,12,12
JavaScript,Vieb/node_modules/lodash/_baseAt.js,3,8,12
JavaScript,Vieb/node_modules/lodash/_baseClamp.js,1,9,12
JavaScript,Vieb/node_modules/lodash/_baseGet.js,4,8,12
JavaScript,Vieb/node_modules/lodash/_baseInvoke.js,2,10,12
JavaScript,Vieb/node_modules/lodash/_baseIsEqual.js,2,14,12
JavaScript,Vieb/node_modules/lodash/_baseSetToString.js,2,8,12
JavaScript,Vieb/node_modules/lodash/_baseToNumber.js,3,9,12
JavaScript,Vieb/node_modules/lodash/_baseZipObject.js,2,9,12
JavaScript,Vieb/node_modules/lodash/_createAggregator.js,3,8,12
JavaScript,Vieb/node_modules/lodash/_escapeStringChar.js,2,8,12
JavaScript,Vieb/node_modules/lodash/_hasUnicode.js,4,10,12
JavaScript,Vieb/node_modules/lodash/_initCloneArray.js,4,10,12
JavaScript,Vieb/node_modules/lodash/_insertWrapDetails.js,2,9,12
JavaScript,Vieb/node_modules/lodash/_mapCacheClear.js,2,7,12
JavaScript,Vieb/node_modules/lodash/countBy.js,4,24,12
JavaScript,Vieb/node_modules/lodash/dropRight.js,2,25,12
JavaScript,Vieb/node_modules/lodash/groupBy.js,4,25,12
JavaScript,Vieb/node_modules/lodash/mapKeys.js,3,21,12
JavaScript,Vieb/node_modules/lodash/mapValues.js,3,28,12
JavaScript,Vieb/node_modules/lodash/takeRight.js,2,25,12
JavaScript,Vieb/node_modules/minimist/test/kv_short.js,4,0,12
JavaScript,Vieb/node_modules/minimist/test/stop_early.js,3,0,12
JavaScript,Vieb/node_modules/prepend-http/index.js,3,0,12
JavaScript,Vieb/node_modules/semver-compare/example/lex.js,0,0,12
JavaScript,Vieb/node_modules/@remusao/guess-url-type/dist/cjs/src/extensions/fonts.js,0,1,11
JavaScript,Vieb/node_modules/@remusao/guess-url-type/dist/es6/src/extensions/medias.js,0,1,11
JavaScript,Vieb/node_modules/fs-extra/lib/util/buffer.js,0,1,11
JavaScript,Vieb/node_modules/global-agent/node_modules/semver/internal/constants.js,3,3,11
JavaScript,Vieb/node_modules/lodash/_arrayEach.js,2,9,11
JavaScript,Vieb/node_modules/lodash/_arrayEvery.js,2,10,11
JavaScript,Vieb/node_modules/lodash/_arrayIncludesWith.js,2,9,11
JavaScript,Vieb/node_modules/lodash/_arrayReduceRight.js,1,12,11
JavaScript,Vieb/node_modules/lodash/_arraySome.js,2,10,11
JavaScript,Vieb/node_modules/lodash/_assocIndexOf.js,2,8,11
JavaScript,Vieb/node_modules/lodash/_baseFilter.js,2,8,11
JavaScript,Vieb/node_modules/lodash/_baseFindIndex.js,2,11,11
JavaScript,Vieb/node_modules/lodash/_baseFindKey.js,1,11,11
JavaScript,Vieb/node_modules/lodash/_baseIndexOfWith.js,2,10,11
JavaScript,Vieb/node_modules/lodash/_baseMap.js,3,8,11
JavaScript,Vieb/node_modules/lodash/_baseWhile.js,4,11,11
JavaScript,Vieb/node_modules/lodash/_castPath.js,2,8,11
JavaScript,Vieb/node_modules/lodash/_countHolders.js,2,8,11
JavaScript,Vieb/node_modules/lodash/_createCompounder.js,4,9,11
JavaScript,Vieb/node_modules/lodash/_createRelationalOperation.js,2,7,11
JavaScript,Vieb/node_modules/lodash/_customDefaultsAssignIn.js,4,14,11
JavaScript,Vieb/node_modules/lodash/_customDefaultsMerge.js,2,15,11
JavaScript,Vieb/node_modules/lodash/_isIndex.js,4,10,11
JavaScript,Vieb/node_modules/lodash/_strictIndexOf.js,2,10,11
JavaScript,Vieb/node_modules/lodash/attempt.js,2,22,11
JavaScript,Vieb/node_modules/lodash/drop.js,2,25,11
JavaScript,Vieb/node_modules/lodash/escape.js,3,29,11
JavaScript,Vieb/node_modules/lodash/flattenDepth.js,2,20,11
JavaScript,Vieb/node_modules/lodash/fromPairs.js,2,15,11
JavaScript,Vieb/node_modules/lodash/intersection.js,2,17,11
JavaScript,Vieb/node_modules/lodash/partial.js,4,35,11
JavaScript,Vieb/node_modules/lodash/partialRight.js,4,34,11
JavaScript,Vieb/node_modules/lodash/reduce.js,3,37,11
JavaScript,Vieb/node_modules/lodash/reduceRight.js,3,22,11
JavaScript,Vieb/node_modules/lodash/rest.js,3,26,11
JavaScript,Vieb/node_modules/lodash/unescape.js,3,20,11
JavaScript,Vieb/node_modules/lodash/unionWith.js,2,21,11
JavaScript,Vieb/node_modules/lodash/xorWith.js,2,21,11
JavaScript,Vieb/node_modules/@cliqz/adblocker/dist/cjs/src/queue-microtask.js,0,8,10
JavaScript,Vieb/node_modules/@remusao/small/dist/es6/src/flv.js,0,1,10
JavaScript,Vieb/node_modules/@remusao/small/dist/es6/src/gif.js,0,1,10
JavaScript,Vieb/node_modules/@remusao/small/dist/es6/src/ico.js,0,1,10
JavaScript,Vieb/node_modules/@remusao/small/dist/es6/src/json.js,0,1,10
JavaScript,Vieb/node_modules/@remusao/small/dist/es6/src/pdf.js,0,1,10
JavaScript,Vieb/node_modules/@remusao/small/dist/es6/src/png.js,0,1,10
JavaScript,Vieb/node_modules/@remusao/small/dist/es6/src/svg.js,0,1,10
JavaScript,Vieb/node_modules/@remusao/small/dist/es6/src/wav.js,0,1,10
JavaScript,Vieb/node_modules/@remusao/small/dist/es6/src/webm.js,0,1,10
JavaScript,Vieb/node_modules/@remusao/small/dist/es6/src/webp.js,0,1,10
JavaScript,Vieb/node_modules/@remusao/small/dist/es6/src/wmv.js,0,1,10
JavaScript,Vieb/node_modules/encodeurl/index.js,11,39,10
JavaScript,Vieb/node_modules/fs-extra/lib/path-exists/index.js,2,0,10
JavaScript,Vieb/node_modules/global-agent/node_modules/semver/functions/satisfies.js,0,0,10
JavaScript,Vieb/node_modules/got/source/utils/deep-freeze.js,2,0,10
JavaScript,Vieb/node_modules/lodash/_apply.js,1,10,10
JavaScript,Vieb/node_modules/lodash/_arrayAggregator.js,2,10,10
JavaScript,Vieb/node_modules/lodash/_arrayEachRight.js,2,9,10
JavaScript,Vieb/node_modules/lodash/_arrayMap.js,2,9,10
JavaScript,Vieb/node_modules/lodash/_arrayPush.js,2,8,10
JavaScript,Vieb/node_modules/lodash/_baseEvery.js,2,9,10
JavaScript,Vieb/node_modules/lodash/_baseNth.js,2,8,10
JavaScript,Vieb/node_modules/lodash/_baseSome.js,3,9,10
JavaScript,Vieb/node_modules/lodash/_baseUnset.js,2,8,10
JavaScript,Vieb/node_modules/lodash/_copyArray.js,2,8,10
JavaScript,Vieb/node_modules/lodash/_escapeHtmlChar.js,3,8,10
JavaScript,Vieb/node_modules/lodash/_matchesStrictComparable.js,1,9,10
JavaScript,Vieb/node_modules/lodash/_nativeKeysIn.js,1,9,10
JavaScript,Vieb/node_modules/lodash/_safeGet.js,3,8,10
JavaScript,Vieb/node_modules/lodash/_strictLastIndexOf.js,1,10,10
JavaScript,Vieb/node_modules/lodash/_toKey.js,3,8,10
JavaScript,Vieb/node_modules/lodash/_unescapeHtmlChar.js,3,8,10
JavaScript,Vieb/node_modules/lodash/curry.js,4,43,10
JavaScript,Vieb/node_modules/lodash/curryRight.js,4,40,10
JavaScript,Vieb/node_modules/lodash/difference.js,2,21,10
JavaScript,Vieb/node_modules/lodash/escapeRegExp.js,3,19,10
JavaScript,Vieb/node_modules/lodash/isArguments.js,5,21,10
JavaScript,Vieb/node_modules/lodash/isNative.js,3,27,10
JavaScript,Vieb/node_modules/lodash/next.js,3,22,10
JavaScript,Vieb/node_modules/lodash/nthArg.js,2,20,10
JavaScript,Vieb/node_modules/lodash/reject.js,2,34,10
JavaScript,Vieb/node_modules/lodash/take.js,2,25,10
JavaScript,Vieb/node_modules/to-readable-stream/index.js,1,0,10
JavaScript,Vieb/node_modules/url-parse-lax/index.js,2,0,10
JavaScript,Vieb/node_modules/escape-string-regexp/index.js,2,2,9
JavaScript,Vieb/node_modules/extract-zip/node_modules/debug/src/inspector-log.js,2,4,9
JavaScript,Vieb/node_modules/fs-extra/lib/json/jsonfile.js,2,1,9
JavaScript,Vieb/node_modules/global-agent/node_modules/semver/internal/parse-options.js,0,2,9
JavaScript,Vieb/node_modules/global-agent/node_modules/semver/ranges/valid.js,0,2,9
JavaScript,Vieb/node_modules/got/source/known-hook-events.js,1,0,9
JavaScript,Vieb/node_modules/lodash/_assignMergeValue.js,2,9,9
JavaScript,Vieb/node_modules/lodash/_baseConforms.js,2,7,9
JavaScript,Vieb/node_modules/lodash/_baseIndexOf.js,2,9,9
JavaScript,Vieb/node_modules/lodash/_baseReduce.js,1,13,9
JavaScript,Vieb/node_modules/lodash/_baseSortBy.js,2,10,9
JavaScript,Vieb/node_modules/lodash/_baseTimes.js,2,9,9
JavaScript,Vieb/node_modules/lodash/_defineProperty.js,2,0,9
JavaScript,Vieb/node_modules/lodash/_hashSet.js,3,11,9
JavaScript,Vieb/node_modules/lodash/_initCloneObject.js,2,7,9
JavaScript,Vieb/node_modules/lodash/_isFlattenable.js,3,8,9
JavaScript,Vieb/node_modules/lodash/_isMasked.js,3,8,9
JavaScript,Vieb/node_modules/lodash/_iteratorToArray.js,2,7,9
JavaScript,Vieb/node_modules/lodash/_mapCacheSet.js,3,10,9
JavaScript,Vieb/node_modules/lodash/_mapToArray.js,2,7,9
JavaScript,Vieb/node_modules/lodash/_setToArray.js,2,7,9
JavaScript,Vieb/node_modules/lodash/_setToPairs.js,2,7,9
JavaScript,Vieb/node_modules/lodash/_setWrapToString.js,2,10,9
JavaScript,Vieb/node_modules/lodash/_stringSize.js,2,7,9
JavaScript,Vieb/node_modules/lodash/_stringToArray.js,2,7,9
JavaScript,Vieb/node_modules/lodash/castArray.js,2,33,9
JavaScript,Vieb/node_modules/lodash/defaultsDeep.js,2,19,9
JavaScript,Vieb/node_modules/lodash/filter.js,2,41,9
JavaScript,Vieb/node_modules/lodash/forEach.js,2,30,9
JavaScript,Vieb/node_modules/lodash/forEachRight.js,2,20,9
JavaScript,Vieb/node_modules/lodash/forIn.js,2,28,9
JavaScript,Vieb/node_modules/lodash/forInRight.js,2,26,9
JavaScript,Vieb/node_modules/lodash/isBuffer.js,7,22,9
JavaScript,Vieb/node_modules/lodash/isString.js,3,18,9
JavaScript,Vieb/node_modules/lodash/map.js,2,42,9
JavaScript,Vieb/node_modules/lodash/max.js,2,18,9
JavaScript,Vieb/node_modules/lodash/maxBy.js,2,23,9
JavaScript,Vieb/node_modules/lodash/min.js,2,18,9
JavaScript,Vieb/node_modules/lodash/minBy.js,2,23,9
JavaScript,Vieb/node_modules/lodash/toSafeInteger.js,3,25,9
JavaScript,Vieb/node_modules/lodash/without.js,2,20,9
JavaScript,Vieb/node_modules/lodash/zipWith.js,3,20,9
JavaScript,Vieb/node_modules/lowercase-keys/index.js,2,0,9
JavaScript,Vieb/node_modules/tldts-core/dist/cjs/src/subdomain.js,0,5,9
JavaScript,Vieb/node_modules/typedarray/test/tarray.js,1,0,9
JavaScript,Vieb/node_modules/@remusao/guess-url-type/dist/es6/src/extensions/fonts.js,0,1,8
JavaScript,Vieb/node_modules/cacheable-request/node_modules/lowercase-keys/index.js,2,0,8
JavaScript,Vieb/node_modules/global-agent/node_modules/semver/internal/debug.js,1,0,8
JavaScript,Vieb/node_modules/global-agent/src/errors.js,5,2,8
JavaScript,Vieb/node_modules/globalthis/implementation.browser.js,2,1,8
JavaScript,Vieb/node_modules/globalthis/polyfill.js,2,0,8
JavaScript,Vieb/node_modules/globalthis/test/implementation.js,3,0,8
JavaScript,Vieb/node_modules/globalthis/test/index.js,3,0,8
JavaScript,Vieb/node_modules/lodash/_baseAggregator.js,2,11,8
JavaScript,Vieb/node_modules/lodash/_baseDelay.js,2,11,8
JavaScript,Vieb/node_modules/lodash/_baseFunctions.js,2,9,8
JavaScript,Vieb/node_modules/lodash/_baseInverter.js,2,11,8
JavaScript,Vieb/node_modules/lodash/_basePick.js,2,9,8
JavaScript,Vieb/node_modules/lodash/_baseSampleSize.js,2,8,8
JavaScript,Vieb/node_modules/lodash/_baseTrim.js,3,8,8
JavaScript,Vieb/node_modules/lodash/_charsStartIndex.js,3,9,8
JavaScript,Vieb/node_modules/lodash/_createSet.js,3,8,8
JavaScript,Vieb/node_modules/lodash/_getMapData.js,2,8,8
JavaScript,Vieb/node_modules/lodash/_hashHas.js,4,11,8
JavaScript,Vieb/node_modules/lodash/ary.js,3,18,8
JavaScript,Vieb/node_modules/lodash/cloneDeepWith.js,3,29,8
JavaScript,Vieb/node_modules/lodash/dropRightWhile.js,2,35,8
JavaScript,Vieb/node_modules/lodash/dropWhile.js,2,35,8
JavaScript,Vieb/node_modules/lodash/flatMapDepth.js,2,21,8
JavaScript,Vieb/node_modules/lodash/fp/_convertBrowser.js,2,8,8
JavaScript,Vieb/node_modules/lodash/isBoolean.js,3,18,8
JavaScript,Vieb/node_modules/lodash/isNumber.js,3,27,8
JavaScript,Vieb/node_modules/lodash/isSymbol.js,3,18,8
JavaScript,Vieb/node_modules/lodash/method.js,2,24,8
JavaScript,Vieb/node_modules/lodash/methodOf.js,2,23,8
JavaScript,Vieb/node_modules/lodash/property.js,2,22,8
JavaScript,Vieb/node_modules/lodash/pullAllBy.js,2,23,8
JavaScript,Vieb/node_modules/lodash/sample.js,2,14,8
JavaScript,Vieb/node_modules/lodash/shuffle.js,2,15,8
JavaScript,Vieb/node_modules/lodash/sortedUniqBy.js,2,16,8
JavaScript,Vieb/node_modules/lodash/sum.js,2,14,8
JavaScript,Vieb/node_modules/lodash/sumBy.js,2,23,8
JavaScript,Vieb/node_modules/lodash/takeRightWhile.js,2,35,8
JavaScript,Vieb/node_modules/lodash/takeWhile.js,2,35,8
JavaScript,Vieb/node_modules/lodash/union.js,2,16,8
JavaScript,Vieb/node_modules/lodash/xor.js,2,18,8
JavaScript,Vieb/node_modules/yallist/iterator.js,0,0,8
JavaScript,Vieb/node_modules/@cliqz/adblocker/dist/es6/src/queue-microtask.js,0,8,7
JavaScript,Vieb/node_modules/@electron/get/dist/cjs/downloader-resolver.js,0,5,7
JavaScript,Vieb/node_modules/boolean/build/lib/index.js,0,0,7
JavaScript,Vieb/node_modules/fs-extra/lib/remove/index.js,2,0,7
JavaScript,Vieb/node_modules/global-agent/node_modules/semver/functions/compare-build.js,0,0,7
JavaScript,Vieb/node_modules/global-agent/node_modules/semver/ranges/intersects.js,0,0,7
JavaScript,Vieb/node_modules/inherits/inherits.js,0,2,7
JavaScript,Vieb/node_modules/lodash/_arraySampleSize.js,2,8,7
JavaScript,Vieb/node_modules/lodash/_baseGetAllKeys.js,2,11,7
JavaScript,Vieb/node_modules/lodash/_baseIsArguments.js,3,8,7
JavaScript,Vieb/node_modules/lodash/_baseIsArrayBuffer.js,3,7,7
JavaScript,Vieb/node_modules/lodash/_baseIsDate.js,3,8,7
JavaScript,Vieb/node_modules/lodash/_baseIsMap.js,3,8,7
JavaScript,Vieb/node_modules/lodash/_baseIsRegExp.js,3,8,7
JavaScript,Vieb/node_modules/lodash/_baseIsSet.js,3,8,7
JavaScript,Vieb/node_modules/lodash/_baseMean.js,3,10,7
JavaScript,Vieb/node_modules/lodash/_basePropertyDeep.js,2,7,7
JavaScript,Vieb/node_modules/lodash/_baseRest.js,2,8,7
JavaScript,Vieb/node_modules/lodash/_baseSetData.js,2,8,7
JavaScript,Vieb/node_modules/lodash/_baseToPairs.js,2,9,7
JavaScript,Vieb/node_modules/lodash/_baseValues.js,2,10,7
JavaScript,Vieb/node_modules/lodash/_castSlice.js,2,9,7
JavaScript,Vieb/node_modules/lodash/_charsEndIndex.js,3,9,7
JavaScript,Vieb/node_modules/lodash/_cloneArrayBuffer.js,2,7,7
JavaScript,Vieb/node_modules/lodash/_cloneRegExp.js,2,8,7
JavaScript,Vieb/node_modules/lodash/_cloneSymbol.js,3,8,7
JavaScript,Vieb/node_modules/lodash/_createInverter.js,2,8,7
JavaScript,Vieb/node_modules/lodash/_flatRest.js,2,7,7
JavaScript,Vieb/node_modules/lodash/_getAllKeys.js,2,7,7
JavaScript,Vieb/node_modules/lodash/_getAllKeysIn.js,2,8,7
JavaScript,Vieb/node_modules/lodash/_getNative.js,2,8,7
JavaScript,Vieb/node_modules/lodash/_getWrapDetails.js,2,8,7
JavaScript,Vieb/node_modules/lodash/_isKeyable.js,1,7,7
JavaScript,Vieb/node_modules/lodash/_isPrototype.js,3,8,7
JavaScript,Vieb/node_modules/lodash/_listCacheGet.js,3,9,7
JavaScript,Vieb/node_modules/lodash/_mapCacheDelete.js,2,9,7
JavaScript,Vieb/node_modules/lodash/_stackDelete.js,2,9,7
JavaScript,Vieb/node_modules/lodash/_trimmedEndIndex.js,3,9,7
JavaScript,Vieb/node_modules/lodash/assignIn.js,2,31,7
JavaScript,Vieb/node_modules/lodash/assignInWith.js,2,29,7
JavaScript,Vieb/node_modules/lodash/assignWith.js,2,28,7
JavaScript,Vieb/node_modules/lodash/camelCase.js,2,20,7
JavaScript,Vieb/node_modules/lodash/chain.js,2,29,7
JavaScript,Vieb/node_modules/lodash/cloneDeep.js,3,19,7
JavaScript,Vieb/node_modules/lodash/cloneWith.js,3,32,7
JavaScript,Vieb/node_modules/lodash/conforms.js,3,25,7
JavaScript,Vieb/node_modules/lodash/create.js,2,34,7
JavaScript,Vieb/node_modules/lodash/delay.js,2,19,7
JavaScript,Vieb/node_modules/lodash/findKey.js,2,35,7
JavaScript,Vieb/node_modules/lodash/findLastKey.js,2,35,7
JavaScript,Vieb/node_modules/lodash/flatMapDeep.js,3,21,7
JavaScript,Vieb/node_modules/lodash/flattenDeep.js,3,15,7
JavaScript,Vieb/node_modules/lodash/fp/_falseOptions.js,0,0,7
JavaScript,Vieb/node_modules/lodash/isEqualWith.js,2,32,7
JavaScript,Vieb/node_modules/lodash/isMatchWith.js,2,32,7
JavaScript,Vieb/node_modules/lodash/isWeakMap.js,3,18,7
JavaScript,Vieb/node_modules/lodash/isWeakSet.js,3,18,7
JavaScript,Vieb/node_modules/lodash/iteratee.js,3,43,7
JavaScript,Vieb/node_modules/lodash/keys.js,2,28,7
JavaScript,Vieb/node_modules/lodash/keysIn.js,2,23,7
JavaScript,Vieb/node_modules/lodash/matches.js,3,36,7
JavaScript,Vieb/node_modules/lodash/matchesProperty.js,3,34,7
JavaScript,Vieb/node_modules/lodash/omitBy.js,2,20,7
JavaScript,Vieb/node_modules/lodash/propertyOf.js,2,21,7
JavaScript,Vieb/node_modules/lodash/pullAll.js,2,20,7
JavaScript,Vieb/node_modules/lodash/pullAllWith.js,2,23,7
JavaScript,Vieb/node_modules/lodash/rearg.js,3,23,7
JavaScript,Vieb/node_modules/lodash/replace.js,3,19,7
JavaScript,Vieb/node_modules/lodash/sortedUniq.js,2,15,7
JavaScript,Vieb/node_modules/lodash/toInteger.js,3,26,7
JavaScript,Vieb/node_modules/lodash/toLength.js,3,28,7
JavaScript,Vieb/node_modules/lodash/uniqueId.js,3,18,7
JavaScript,Vieb/node_modules/lodash/updateWith.js,2,24,7
JavaScript,Vieb/node_modules/minimist/test/parse_modified.js,2,0,7
JavaScript,Vieb/node_modules/minimist/test/whitespace.js,1,0,7
JavaScript,Vieb/node_modules/readable-stream/readable-browser.js,0,0,7
JavaScript,Vieb/node_modules/readable-stream/writable.js,1,0,7
JavaScript,Vieb/node_modules/concat-map/example/map.js,0,0,6
JavaScript,Vieb/node_modules/global-agent/node_modules/semver/functions/clean.js,0,0,6
JavaScript,Vieb/node_modules/global-agent/node_modules/semver/functions/prerelease.js,0,0,6
JavaScript,Vieb/node_modules/global-agent/node_modules/semver/functions/valid.js,0,0,6
JavaScript,Vieb/node_modules/global-agent/src/Logger.js,3,1,6
JavaScript,Vieb/node_modules/lodash/_arrayIncludes.js,2,9,6
JavaScript,Vieb/node_modules/lodash/_arraySample.js,2,7,6
JavaScript,Vieb/node_modules/lodash/_arrayShuffle.js,2,7,6
JavaScript,Vieb/node_modules/lodash/_baseAssign.js,2,9,6
JavaScript,Vieb/node_modules/lodash/_baseAssignIn.js,2,9,6
JavaScript,Vieb/node_modules/lodash/_baseForOwn.js,2,8,6
JavaScript,Vieb/node_modules/lodash/_baseForOwnRight.js,2,8,6
JavaScript,Vieb/node_modules/lodash/_baseHas.js,3,10,6
JavaScript,Vieb/node_modules/lodash/_baseInRange.js,2,10,6
JavaScript,Vieb/node_modules/lodash/_baseProperty.js,1,7,6
JavaScript,Vieb/node_modules/lodash/_basePropertyOf.js,1,7,6
JavaScript,Vieb/node_modules/lodash/_baseRandom.js,2,10,6
JavaScript,Vieb/node_modules/lodash/_baseSample.js,2,7,6
JavaScript,Vieb/node_modules/lodash/_baseShuffle.js,2,7,6
JavaScript,Vieb/node_modules/lodash/_baseUnary.js,1,7,6
JavaScript,Vieb/node_modules/lodash/_baseUpdate.js,2,10,6
JavaScript,Vieb/node_modules/lodash/_cloneDataView.js,2,8,6
JavaScript,Vieb/node_modules/lodash/_cloneTypedArray.js,2,8,6
JavaScript,Vieb/node_modules/lodash/_copySymbols.js,2,8,6
JavaScript,Vieb/node_modules/lodash/_copySymbolsIn.js,2,8,6
JavaScript,Vieb/node_modules/lodash/_getData.js,2,7,6
JavaScript,Vieb/node_modules/lodash/_hashClear.js,2,7,6
JavaScript,Vieb/node_modules/lodash/_hashDelete.js,1,10,6
JavaScript,Vieb/node_modules/lodash/_objectToString.js,3,13,6
JavaScript,Vieb/node_modules/lodash/_overArg.js,1,8,6
JavaScript,Vieb/node_modules/lodash/_parent.js,2,8,6
JavaScript,Vieb/node_modules/lodash/_setCacheAdd.js,2,11,6
JavaScript,Vieb/node_modules/lodash/_stackClear.js,2,7,6
JavaScript,Vieb/node_modules/lodash/capitalize.js,2,15,6
JavaScript,Vieb/node_modules/lodash/clone.js,3,27,6
JavaScript,Vieb/node_modules/lodash/conformsTo.js,2,24,6
JavaScript,Vieb/node_modules/lodash/constant.js,1,19,6
JavaScript,Vieb/node_modules/lodash/defer.js,2,18,6
JavaScript,Vieb/node_modules/lodash/flatMap.js,2,21,6
JavaScript,Vieb/node_modules/lodash/flatten.js,2,14,6
JavaScript,Vieb/node_modules/lodash/flip.js,3,19,6
JavaScript,Vieb/node_modules/lodash/forOwn.js,2,28,6
JavaScript,Vieb/node_modules/lodash/forOwnRight.js,2,26,6
JavaScript,Vieb/node_modules/lodash/fp/convert.js,2,10,6
JavaScript,Vieb/node_modules/lodash/functions.js,2,23,6
JavaScript,Vieb/node_modules/lodash/functionsIn.js,2,23,6
JavaScript,Vieb/node_modules/lodash/get.js,2,25,6
JavaScript,Vieb/node_modules/lodash/has.js,2,27,6
JavaScript,Vieb/node_modules/lodash/hasIn.js,2,26,6
JavaScript,Vieb/node_modules/lodash/initial.js,2,14,6
JavaScript,Vieb/node_modules/lodash/isArrayBuffer.js,3,18,6
JavaScript,Vieb/node_modules/lodash/isArrayLike.js,2,25,6
JavaScript,Vieb/node_modules/lodash/isArrayLikeObject.js,2,25,6
JavaScript,Vieb/node_modules/lodash/isDate.js,3,18,6
JavaScript,Vieb/node_modules/lodash/isElement.js,2,17,6
JavaScript,Vieb/node_modules/lodash/isFinite.js,3,27,6
JavaScript,Vieb/node_modules/lodash/isLength.js,2,27,6
JavaScript,Vieb/node_modules/lodash/isMap.js,3,18,6
JavaScript,Vieb/node_modules/lodash/isMatch.js,2,28,6
JavaScript,Vieb/node_modules/lodash/isRegExp.js,3,18,6
JavaScript,Vieb/node_modules/lodash/isSafeInteger.js,3,28,6
JavaScript,Vieb/node_modules/lodash/isSet.js,3,18,6
JavaScript,Vieb/node_modules/lodash/isTypedArray.js,3,18,6
JavaScript,Vieb/node_modules/lodash/join.js,3,17,6
JavaScript,Vieb/node_modules/lodash/keyBy.js,2,28,6
JavaScript,Vieb/node_modules/lodash/mean.js,2,14,6
JavaScript,Vieb/node_modules/lodash/meanBy.js,2,23,6
JavaScript,Vieb/node_modules/lodash/merge.js,2,31,6
JavaScript,Vieb/node_modules/lodash/mergeWith.js,2,31,6
JavaScript,Vieb/node_modules/lodash/nth.js,2,21,6
JavaScript,Vieb/node_modules/lodash/pick.js,2,17,6
JavaScript,Vieb/node_modules/lodash/reverse.js,3,25,6
JavaScript,Vieb/node_modules/lodash/setWith.js,2,24,6
JavaScript,Vieb/node_modules/lodash/sortedIndexBy.js,2,25,6
JavaScript,Vieb/node_modules/lodash/sortedLastIndexBy.js,2,25,6
JavaScript,Vieb/node_modules/lodash/startCase.js,2,21,6
JavaScript,Vieb/node_modules/lodash/tail.js,2,14,6
JavaScript,Vieb/node_modules/lodash/toPlainObject.js,2,24,6
JavaScript,Vieb/node_modules/lodash/uniqBy.js,2,23,6
JavaScript,Vieb/node_modules/lodash/uniqWith.js,2,20,6
JavaScript,Vieb/node_modules/lodash/update.js,2,27,6
JavaScript,Vieb/node_modules/lodash/values.js,2,26,6
JavaScript,Vieb/node_modules/lodash/valuesIn.js,2,24,6
JavaScript,Vieb/node_modules/lodash/wrap.js,2,22,6
JavaScript,Vieb/node_modules/lodash/zipObject.js,2,16,6
JavaScript,Vieb/node_modules/lodash/zipObjectDeep.js,2,15,6
JavaScript,Vieb/node_modules/tldts-core/dist/cjs/src/domain-without-suffix.js,0,9,6
JavaScript,Vieb/node_modules/tldts-core/dist/es6/src/subdomain.js,0,5,6
JavaScript,Vieb/node_modules/@remusao/small/dist/cjs/index.test.js,0,4,5
JavaScript,Vieb/node_modules/debug/src/index.js,1,4,5
JavaScript,Vieb/node_modules/extract-zip/node_modules/debug/src/index.js,1,4,5
JavaScript,Vieb/node_modules/fs-extra/lib/copy/index.js,1,0,5
JavaScript,Vieb/node_modules/fs-extra/lib/move/index.js,1,0,5
JavaScript,Vieb/node_modules/global-agent/dist/types.js,4,1,5
JavaScript,Vieb/node_modules/global-agent/node_modules/semver/classes/index.js,0,0,5
JavaScript,Vieb/node_modules/global-agent/node_modules/semver/ranges/to-comparators.js,2,1,5
JavaScript,Vieb/node_modules/lodash/_asciiWords.js,2,8,5
JavaScript,Vieb/node_modules/lodash/_castArrayLikeObject.js,2,7,5
JavaScript,Vieb/node_modules/lodash/_castFunction.js,2,7,5
JavaScript,Vieb/node_modules/lodash/_customOmitClone.js,2,9,5
JavaScript,Vieb/node_modules/lodash/_getHolder.js,1,7,5
JavaScript,Vieb/node_modules/lodash/_hasUnicodeWord.js,2,8,5
JavaScript,Vieb/node_modules/lodash/_isMaskable.js,2,7,5
JavaScript,Vieb/node_modules/lodash/_isStrictComparable.js,2,8,5
JavaScript,Vieb/node_modules/lodash/_listCacheClear.js,1,7,5
JavaScript,Vieb/node_modules/lodash/_listCacheHas.js,2,9,5
JavaScript,Vieb/node_modules/lodash/_mapCacheGet.js,2,9,5
JavaScript,Vieb/node_modules/lodash/_mapCacheHas.js,2,9,5
JavaScript,Vieb/node_modules/lodash/add.js,2,15,5
JavaScript,Vieb/node_modules/lodash/commit.js,2,26,5
JavaScript,Vieb/node_modules/lodash/divide.js,2,15,5
JavaScript,Vieb/node_modules/lodash/gte.js,2,23,5
JavaScript,Vieb/node_modules/lodash/isEqual.js,2,28,5
JavaScript,Vieb/node_modules/lodash/isInteger.js,2,26,5
JavaScript,Vieb/node_modules/lodash/isNaN.js,2,31,5
JavaScript,Vieb/node_modules/lodash/isObject.js,1,25,5
JavaScript,Vieb/node_modules/lodash/kebabCase.js,2,21,5
JavaScript,Vieb/node_modules/lodash/last.js,1,14,5
JavaScript,Vieb/node_modules/lodash/lowerCase.js,2,20,5
JavaScript,Vieb/node_modules/lodash/lte.js,2,23,5
JavaScript,Vieb/node_modules/lodash/multiply.js,2,15,5
JavaScript,Vieb/node_modules/lodash/now.js,2,16,5
JavaScript,Vieb/node_modules/lodash/number.js,0,0,5
JavaScript,Vieb/node_modules/lodash/once.js,2,18,5
JavaScript,Vieb/node_modules/lodash/partition.js,2,36,5
JavaScript,Vieb/node_modules/lodash/set.js,2,28,5
JavaScript,Vieb/node_modules/lodash/snakeCase.js,2,21,5
JavaScript,Vieb/node_modules/lodash/sortedIndex.js,2,17,5
JavaScript,Vieb/node_modules/lodash/sortedLastIndex.js,2,18,5
JavaScript,Vieb/node_modules/lodash/subtract.js,2,15,5
JavaScript,Vieb/node_modules/lodash/tap.js,1,23,5
JavaScript,Vieb/node_modules/lodash/toLower.js,2,21,5
JavaScript,Vieb/node_modules/lodash/toString.js,2,21,5
JavaScript,Vieb/node_modules/lodash/toUpper.js,2,21,5
JavaScript,Vieb/node_modules/lodash/unary.js,2,15,5
JavaScript,Vieb/node_modules/lodash/uniq.js,2,18,5
JavaScript,Vieb/node_modules/lodash/unset.js,2,27,5
JavaScript,Vieb/node_modules/lodash/upperCase.js,2,20,5
JavaScript,Vieb/node_modules/lodash/wrapperChain.js,2,27,5
JavaScript,Vieb/node_modules/lodash/wrapperValue.js,2,14,5
JavaScript,Vieb/node_modules/@cliqz/adblocker-extended-selectors/dist/es6/adblocker.js,0,8,4
JavaScript,Vieb/node_modules/@electron/get/dist/esm/downloader-resolver.js,0,5,4
JavaScript,Vieb/node_modules/@remusao/guess-url-type/dist/cjs/src/extensions/documents.js,0,1,4
JavaScript,Vieb/node_modules/@remusao/guess-url-type/dist/cjs/src/extensions/scripts.js,0,1,4
JavaScript,Vieb/node_modules/@remusao/guess-url-type/dist/cjs/src/extensions/stylesheets.js,0,1,4
JavaScript,Vieb/node_modules/fs-extra/lib/copy-sync/index.js,1,0,4
JavaScript,Vieb/node_modules/fs-extra/lib/move-sync/index.js,1,0,4
JavaScript,Vieb/node_modules/global-agent/node_modules/semver/functions/compare.js,1,0,4
JavaScript,Vieb/node_modules/isarray/index.js,1,0,4
JavaScript,Vieb/node_modules/lodash/_DataView.js,2,1,4
JavaScript,Vieb/node_modules/lodash/_Map.js,2,1,4
JavaScript,Vieb/node_modules/lodash/_Promise.js,2,1,4
JavaScript,Vieb/node_modules/lodash/_Set.js,2,1,4
JavaScript,Vieb/node_modules/lodash/_WeakMap.js,2,1,4
JavaScript,Vieb/node_modules/lodash/_asciiToArray.js,1,7,4
JavaScript,Vieb/node_modules/lodash/_baseEach.js,2,8,4
JavaScript,Vieb/node_modules/lodash/_baseEachRight.js,2,8,4
JavaScript,Vieb/node_modules/lodash/_baseGt.js,1,9,4
JavaScript,Vieb/node_modules/lodash/_baseHasIn.js,1,8,4
JavaScript,Vieb/node_modules/lodash/_baseIsNaN.js,1,7,4
JavaScript,Vieb/node_modules/lodash/_baseLt.js,1,9,4
JavaScript,Vieb/node_modules/lodash/_cacheHas.js,1,8,4
JavaScript,Vieb/node_modules/lodash/_getValue.js,1,8,4
JavaScript,Vieb/node_modules/lodash/_root.js,3,2,4
JavaScript,Vieb/node_modules/lodash/_setCacheHas.js,1,9,4
JavaScript,Vieb/node_modules/lodash/_setData.js,2,14,4
JavaScript,Vieb/node_modules/lodash/_setToString.js,2,8,4
JavaScript,Vieb/node_modules/lodash/_stackGet.js,1,9,4
JavaScript,Vieb/node_modules/lodash/_stackHas.js,1,9,4
JavaScript,Vieb/node_modules/lodash/at.js,2,17,4
JavaScript,Vieb/node_modules/lodash/defaultTo.js,1,20,4
JavaScript,Vieb/node_modules/lodash/eq.js,1,32,4
JavaScript,Vieb/node_modules/lodash/find.js,2,36,4
JavaScript,Vieb/node_modules/lodash/findLast.js,2,19,4
JavaScript,Vieb/node_modules/lodash/fp/add.js,1,0,4
JavaScript,Vieb/node_modules/lodash/fp/after.js,1,0,4
JavaScript,Vieb/node_modules/lodash/fp/ary.js,1,0,4
JavaScript,Vieb/node_modules/lodash/fp/assign.js,1,0,4
JavaScript,Vieb/node_modules/lodash/fp/assignAll.js,1,0,4
JavaScript,Vieb/node_modules/lodash/fp/assignAllWith.js,1,0,4
JavaScript,Vieb/node_modules/lodash/fp/assignIn.js,1,0,4
JavaScript,Vieb/node_modules/lodash/fp/assignInAll.js,1,0,4
JavaScript,Vieb/node_modules/lodash/fp/assignInAllWith.js,1,0,4
JavaScript,Vieb/node_modules/lodash/fp/assignInWith.js,1,0,4
JavaScript,Vieb/node_modules/lodash/fp/assignWith.js,1,0,4
JavaScript,Vieb/node_modules/lodash/fp/at.js,1,0,4
JavaScript,Vieb/node_modules/lodash/fp/attempt.js,1,0,4
JavaScript,Vieb/node_modules/lodash/fp/before.js,1,0,4
JavaScript,Vieb/node_modules/lodash/fp/bind.js,1,0,4
JavaScript,Vieb/node_modules/lodash/fp/bindAll.js,1,0,4
JavaScript,Vieb/node_modules/lodash/fp/bindKey.js,1,0,4
JavaScript,Vieb/node_modules/lodash/fp/camelCase.js,1,0,4
JavaScript,Vieb/node_modules/lodash/fp/capitalize.js,1,0,4
JavaScript,Vieb/node_modules/lodash/fp/castArray.js,1,0,4
JavaScript,Vieb/node_modules/lodash/fp/ceil.js,1,0,4
JavaScript,Vieb/node_modules/lodash/fp/chain.js,1,0,4
JavaScript,Vieb/node_modules/lodash/fp/chunk.js,1,0,4
JavaScript,Vieb/node_modules/lodash/fp/clamp.js,1,0,4
JavaScript,Vieb/node_modules/lodash/fp/clone.js,1,0,4
JavaScript,Vieb/node_modules/lodash/fp/cloneDeep.js,1,0,4
JavaScript,Vieb/node_modules/lodash/fp/cloneDeepWith.js,1,0,4
JavaScript,Vieb/node_modules/lodash/fp/cloneWith.js,1,0,4
JavaScript,Vieb/node_modules/lodash/fp/commit.js,1,0,4
JavaScript,Vieb/node_modules/lodash/fp/compact.js,1,0,4
JavaScript,Vieb/node_modules/lodash/fp/concat.js,1,0,4
JavaScript,Vieb/node_modules/lodash/fp/cond.js,1,0,4
JavaScript,Vieb/node_modules/lodash/fp/conformsTo.js,1,0,4
JavaScript,Vieb/node_modules/lodash/fp/constant.js,1,0,4
JavaScript,Vieb/node_modules/lodash/fp/countBy.js,1,0,4
JavaScript,Vieb/node_modules/lodash/fp/create.js,1,0,4
JavaScript,Vieb/node_modules/lodash/fp/curry.js,1,0,4
JavaScript,Vieb/node_modules/lodash/fp/curryN.js,1,0,4
JavaScript,Vieb/node_modules/lodash/fp/curryRight.js,1,0,4
JavaScript,Vieb/node_modules/lodash/fp/curryRightN.js,1,0,4
JavaScript,Vieb/node_modules/lodash/fp/debounce.js,1,0,4
JavaScript,Vieb/node_modules/lodash/fp/deburr.js,1,0,4
JavaScript,Vieb/node_modules/lodash/fp/defaultTo.js,1,0,4
JavaScript,Vieb/node_modules/lodash/fp/defaults.js,1,0,4
JavaScript,Vieb/node_modules/lodash/fp/defaultsAll.js,1,0,4
JavaScript,Vieb/node_modules/lodash/fp/defaultsDeep.js,1,0,4
JavaScript,Vieb/node_modules/lodash/fp/defaultsDeepAll.js,1,0,4
JavaScript,Vieb/node_modules/lodash/fp/defer.js,1,0,4
JavaScript,Vieb/node_modules/lodash/fp/delay.js,1,0,4
JavaScript,Vieb/node_modules/lodash/fp/difference.js,1,0,4
JavaScript,Vieb/node_modules/lodash/fp/differenceBy.js,1,0,4
JavaScript,Vieb/node_modules/lodash/fp/differenceWith.js,1,0,4
JavaScript,Vieb/node_modules/lodash/fp/divide.js,1,0,4
JavaScript,Vieb/node_modules/lodash/fp/drop.js,1,0,4
JavaScript,Vieb/node_modules/lodash/fp/dropRight.js,1,0,4
JavaScript,Vieb/node_modules/lodash/fp/dropRightWhile.js,1,0,4
JavaScript,Vieb/node_modules/lodash/fp/dropWhile.js,1,0,4
JavaScript,Vieb/node_modules/lodash/fp/endsWith.js,1,0,4
JavaScript,Vieb/node_modules/lodash/fp/eq.js,1,0,4
JavaScript,Vieb/node_modules/lodash/fp/escape.js,1,0,4
JavaScript,Vieb/node_modules/lodash/fp/escapeRegExp.js,1,0,4
JavaScript,Vieb/node_modules/lodash/fp/every.js,1,0,4
JavaScript,Vieb/node_modules/lodash/fp/fill.js,1,0,4
JavaScript,Vieb/node_modules/lodash/fp/filter.js,1,0,4
JavaScript,Vieb/node_modules/lodash/fp/find.js,1,0,4
JavaScript,Vieb/node_modules/lodash/fp/findFrom.js,1,0,4
JavaScript,Vieb/node_modules/lodash/fp/findIndex.js,1,0,4
JavaScript,Vieb/node_modules/lodash/fp/findIndexFrom.js,1,0,4
JavaScript,Vieb/node_modules/lodash/fp/findKey.js,1,0,4
JavaScript,Vieb/node_modules/lodash/fp/findLast.js,1,0,4
JavaScript,Vieb/node_modules/lodash/fp/findLastFrom.js,1,0,4
JavaScript,Vieb/node_modules/lodash/fp/findLastIndex.js,1,0,4
JavaScript,Vieb/node_modules/lodash/fp/findLastIndexFrom.js,1,0,4
JavaScript,Vieb/node_modules/lodash/fp/findLastKey.js,1,0,4
JavaScript,Vieb/node_modules/lodash/fp/flatMap.js,1,0,4
JavaScript,Vieb/node_modules/lodash/fp/flatMapDeep.js,1,0,4
JavaScript,Vieb/node_modules/lodash/fp/flatMapDepth.js,1,0,4
JavaScript,Vieb/node_modules/lodash/fp/flatten.js,1,0,4
JavaScript,Vieb/node_modules/lodash/fp/flattenDeep.js,1,0,4
JavaScript,Vieb/node_modules/lodash/fp/flattenDepth.js,1,0,4
JavaScript,Vieb/node_modules/lodash/fp/flip.js,1,0,4
JavaScript,Vieb/node_modules/lodash/fp/floor.js,1,0,4
JavaScript,Vieb/node_modules/lodash/fp/flow.js,1,0,4
JavaScript,Vieb/node_modules/lodash/fp/flowRight.js,1,0,4
JavaScript,Vieb/node_modules/lodash/fp/forEach.js,1,0,4
JavaScript,Vieb/node_modules/lodash/fp/forEachRight.js,1,0,4
JavaScript,Vieb/node_modules/lodash/fp/forIn.js,1,0,4
JavaScript,Vieb/node_modules/lodash/fp/forInRight.js,1,0,4
JavaScript,Vieb/node_modules/lodash/fp/forOwn.js,1,0,4
JavaScript,Vieb/node_modules/lodash/fp/forOwnRight.js,1,0,4
JavaScript,Vieb/node_modules/lodash/fp/fromPairs.js,1,0,4
JavaScript,Vieb/node_modules/lodash/fp/functions.js,1,0,4
JavaScript,Vieb/node_modules/lodash/fp/functionsIn.js,1,0,4
JavaScript,Vieb/node_modules/lodash/fp/get.js,1,0,4
JavaScript,Vieb/node_modules/lodash/fp/getOr.js,1,0,4
JavaScript,Vieb/node_modules/lodash/fp/groupBy.js,1,0,4
JavaScript,Vieb/node_modules/lodash/fp/gt.js,1,0,4
JavaScript,Vieb/node_modules/lodash/fp/gte.js,1,0,4
JavaScript,Vieb/node_modules/lodash/fp/has.js,1,0,4
JavaScript,Vieb/node_modules/lodash/fp/hasIn.js,1,0,4
JavaScript,Vieb/node_modules/lodash/fp/head.js,1,0,4
JavaScript,Vieb/node_modules/lodash/fp/identity.js,1,0,4
JavaScript,Vieb/node_modules/lodash/fp/inRange.js,1,0,4
JavaScript,Vieb/node_modules/lodash/fp/includes.js,1,0,4
JavaScript,Vieb/node_modules/lodash/fp/includesFrom.js,1,0,4
JavaScript,Vieb/node_modules/lodash/fp/indexOf.js,1,0,4
JavaScript,Vieb/node_modules/lodash/fp/indexOfFrom.js,1,0,4
JavaScript,Vieb/node_modules/lodash/fp/initial.js,1,0,4
JavaScript,Vieb/node_modules/lodash/fp/intersection.js,1,0,4
JavaScript,Vieb/node_modules/lodash/fp/intersectionBy.js,1,0,4
JavaScript,Vieb/node_modules/lodash/fp/intersectionWith.js,1,0,4
JavaScript,Vieb/node_modules/lodash/fp/invert.js,1,0,4
JavaScript,Vieb/node_modules/lodash/fp/invertBy.js,1,0,4
JavaScript,Vieb/node_modules/lodash/fp/invoke.js,1,0,4
JavaScript,Vieb/node_modules/lodash/fp/invokeArgs.js,1,0,4
JavaScript,Vieb/node_modules/lodash/fp/invokeArgsMap.js,1,0,4
JavaScript,Vieb/node_modules/lodash/fp/invokeMap.js,1,0,4
JavaScript,Vieb/node_modules/lodash/fp/isArguments.js,1,0,4
JavaScript,Vieb/node_modules/lodash/fp/isArray.js,1,0,4
JavaScript,Vieb/node_modules/lodash/fp/isArrayBuffer.js,1,0,4
JavaScript,Vieb/node_modules/lodash/fp/isArrayLike.js,1,0,4
JavaScript,Vieb/node_modules/lodash/fp/isArrayLikeObject.js,1,0,4
JavaScript,Vieb/node_modules/lodash/fp/isBoolean.js,1,0,4
JavaScript,Vieb/node_modules/lodash/fp/isBuffer.js,1,0,4
JavaScript,Vieb/node_modules/lodash/fp/isDate.js,1,0,4
JavaScript,Vieb/node_modules/lodash/fp/isElement.js,1,0,4
JavaScript,Vieb/node_modules/lodash/fp/isEmpty.js,1,0,4
JavaScript,Vieb/node_modules/lodash/fp/isEqual.js,1,0,4
JavaScript,Vieb/node_modules/lodash/fp/isEqualWith.js,1,0,4
JavaScript,Vieb/node_modules/lodash/fp/isError.js,1,0,4
JavaScript,Vieb/node_modules/lodash/fp/isFinite.js,1,0,4
JavaScript,Vieb/node_modules/lodash/fp/isFunction.js,1,0,4
JavaScript,Vieb/node_modules/lodash/fp/isInteger.js,1,0,4
JavaScript,Vieb/node_modules/lodash/fp/isLength.js,1,0,4
JavaScript,Vieb/node_modules/lodash/fp/isMap.js,1,0,4
JavaScript,Vieb/node_modules/lodash/fp/isMatch.js,1,0,4
JavaScript,Vieb/node_modules/lodash/fp/isMatchWith.js,1,0,4
JavaScript,Vieb/node_modules/lodash/fp/isNaN.js,1,0,4
JavaScript,Vieb/node_modules/lodash/fp/isNative.js,1,0,4
JavaScript,Vieb/node_modules/lodash/fp/isNil.js,1,0,4
JavaScript,Vieb/node_modules/lodash/fp/isNull.js,1,0,4
JavaScript,Vieb/node_modules/lodash/fp/isNumber.js,1,0,4
JavaScript,Vieb/node_modules/lodash/fp/isObject.js,1,0,4
JavaScript,Vieb/node_modules/lodash/fp/isObjectLike.js,1,0,4
JavaScript,Vieb/node_modules/lodash/fp/isPlainObject.js,1,0,4
JavaScript,Vieb/node_modules/lodash/fp/isRegExp.js,1,0,4
JavaScript,Vieb/node_modules/lodash/fp/isSafeInteger.js,1,0,4
JavaScript,Vieb/node_modules/lodash/fp/isSet.js,1,0,4
JavaScript,Vieb/node_modules/lodash/fp/isString.js,1,0,4
JavaScript,Vieb/node_modules/lodash/fp/isSymbol.js,1,0,4
JavaScript,Vieb/node_modules/lodash/fp/isTypedArray.js,1,0,4
JavaScript,Vieb/node_modules/lodash/fp/isUndefined.js,1,0,4
JavaScript,Vieb/node_modules/lodash/fp/isWeakMap.js,1,0,4
JavaScript,Vieb/node_modules/lodash/fp/isWeakSet.js,1,0,4
JavaScript,Vieb/node_modules/lodash/fp/iteratee.js,1,0,4
JavaScript,Vieb/node_modules/lodash/fp/join.js,1,0,4
JavaScript,Vieb/node_modules/lodash/fp/kebabCase.js,1,0,4
JavaScript,Vieb/node_modules/lodash/fp/keyBy.js,1,0,4
JavaScript,Vieb/node_modules/lodash/fp/keys.js,1,0,4
JavaScript,Vieb/node_modules/lodash/fp/keysIn.js,1,0,4
JavaScript,Vieb/node_modules/lodash/fp/last.js,1,0,4
JavaScript,Vieb/node_modules/lodash/fp/lastIndexOf.js,1,0,4
JavaScript,Vieb/node_modules/lodash/fp/lastIndexOfFrom.js,1,0,4
JavaScript,Vieb/node_modules/lodash/fp/lowerCase.js,1,0,4
JavaScript,Vieb/node_modules/lodash/fp/lowerFirst.js,1,0,4
JavaScript,Vieb/node_modules/lodash/fp/lt.js,1,0,4
JavaScript,Vieb/node_modules/lodash/fp/lte.js,1,0,4
JavaScript,Vieb/node_modules/lodash/fp/map.js,1,0,4
JavaScript,Vieb/node_modules/lodash/fp/mapKeys.js,1,0,4
JavaScript,Vieb/node_modules/lodash/fp/mapValues.js,1,0,4
JavaScript,Vieb/node_modules/lodash/fp/matchesProperty.js,1,0,4
JavaScript,Vieb/node_modules/lodash/fp/max.js,1,0,4
JavaScript,Vieb/node_modules/lodash/fp/maxBy.js,1,0,4
JavaScript,Vieb/node_modules/lodash/fp/mean.js,1,0,4
JavaScript,Vieb/node_modules/lodash/fp/meanBy.js,1,0,4
JavaScript,Vieb/node_modules/lodash/fp/memoize.js,1,0,4
JavaScript,Vieb/node_modules/lodash/fp/merge.js,1,0,4
JavaScript,Vieb/node_modules/lodash/fp/mergeAll.js,1,0,4
JavaScript,Vieb/node_modules/lodash/fp/mergeAllWith.js,1,0,4
JavaScript,Vieb/node_modules/lodash/fp/mergeWith.js,1,0,4
JavaScript,Vieb/node_modules/lodash/fp/method.js,1,0,4
JavaScript,Vieb/node_modules/lodash/fp/methodOf.js,1,0,4
JavaScript,Vieb/node_modules/lodash/fp/min.js,1,0,4
JavaScript,Vieb/node_modules/lodash/fp/minBy.js,1,0,4
JavaScript,Vieb/node_modules/lodash/fp/mixin.js,1,0,4
JavaScript,Vieb/node_modules/lodash/fp/multiply.js,1,0,4
JavaScript,Vieb/node_modules/lodash/fp/negate.js,1,0,4
JavaScript,Vieb/node_modules/lodash/fp/next.js,1,0,4
JavaScript,Vieb/node_modules/lodash/fp/noop.js,1,0,4
JavaScript,Vieb/node_modules/lodash/fp/now.js,1,0,4
JavaScript,Vieb/node_modules/lodash/fp/nth.js,1,0,4
JavaScript,Vieb/node_modules/lodash/fp/nthArg.js,1,0,4
JavaScript,Vieb/node_modules/lodash/fp/omit.js,1,0,4
JavaScript,Vieb/node_modules/lodash/fp/omitBy.js,1,0,4
JavaScript,Vieb/node_modules/lodash/fp/once.js,1,0,4
JavaScript,Vieb/node_modules/lodash/fp/orderBy.js,1,0,4
JavaScript,Vieb/node_modules/lodash/fp/over.js,1,0,4
JavaScript,Vieb/node_modules/lodash/fp/overArgs.js,1,0,4
JavaScript,Vieb/node_modules/lodash/fp/overEvery.js,1,0,4
JavaScript,Vieb/node_modules/lodash/fp/overSome.js,1,0,4
JavaScript,Vieb/node_modules/lodash/fp/pad.js,1,0,4
JavaScript,Vieb/node_modules/lodash/fp/padChars.js,1,0,4
JavaScript,Vieb/node_modules/lodash/fp/padCharsEnd.js,1,0,4
JavaScript,Vieb/node_modules/lodash/fp/padCharsStart.js,1,0,4
JavaScript,Vieb/node_modules/lodash/fp/padEnd.js,1,0,4
JavaScript,Vieb/node_modules/lodash/fp/padStart.js,1,0,4
JavaScript,Vieb/node_modules/lodash/fp/parseInt.js,1,0,4
JavaScript,Vieb/node_modules/lodash/fp/partial.js,1,0,4
JavaScript,Vieb/node_modules/lodash/fp/partialRight.js,1,0,4
JavaScript,Vieb/node_modules/lodash/fp/partition.js,1,0,4
JavaScript,Vieb/node_modules/lodash/fp/pick.js,1,0,4
JavaScript,Vieb/node_modules/lodash/fp/pickBy.js,1,0,4
JavaScript,Vieb/node_modules/lodash/fp/plant.js,1,0,4
JavaScript,Vieb/node_modules/lodash/fp/propertyOf.js,1,0,4
JavaScript,Vieb/node_modules/lodash/fp/pull.js,1,0,4
JavaScript,Vieb/node_modules/lodash/fp/pullAll.js,1,0,4
JavaScript,Vieb/node_modules/lodash/fp/pullAllBy.js,1,0,4
JavaScript,Vieb/node_modules/lodash/fp/pullAllWith.js,1,0,4
JavaScript,Vieb/node_modules/lodash/fp/pullAt.js,1,0,4
JavaScript,Vieb/node_modules/lodash/fp/random.js,1,0,4
JavaScript,Vieb/node_modules/lodash/fp/range.js,1,0,4
JavaScript,Vieb/node_modules/lodash/fp/rangeRight.js,1,0,4
JavaScript,Vieb/node_modules/lodash/fp/rangeStep.js,1,0,4
JavaScript,Vieb/node_modules/lodash/fp/rangeStepRight.js,1,0,4
JavaScript,Vieb/node_modules/lodash/fp/rearg.js,1,0,4
JavaScript,Vieb/node_modules/lodash/fp/reduce.js,1,0,4
JavaScript,Vieb/node_modules/lodash/fp/reduceRight.js,1,0,4
JavaScript,Vieb/node_modules/lodash/fp/reject.js,1,0,4
JavaScript,Vieb/node_modules/lodash/fp/remove.js,1,0,4
JavaScript,Vieb/node_modules/lodash/fp/repeat.js,1,0,4
JavaScript,Vieb/node_modules/lodash/fp/replace.js,1,0,4
JavaScript,Vieb/node_modules/lodash/fp/rest.js,1,0,4
JavaScript,Vieb/node_modules/lodash/fp/restFrom.js,1,0,4
JavaScript,Vieb/node_modules/lodash/fp/result.js,1,0,4
JavaScript,Vieb/node_modules/lodash/fp/reverse.js,1,0,4
JavaScript,Vieb/node_modules/lodash/fp/round.js,1,0,4
JavaScript,Vieb/node_modules/lodash/fp/sample.js,1,0,4
JavaScript,Vieb/node_modules/lodash/fp/sampleSize.js,1,0,4
JavaScript,Vieb/node_modules/lodash/fp/set.js,1,0,4
JavaScript,Vieb/node_modules/lodash/fp/setWith.js,1,0,4
JavaScript,Vieb/node_modules/lodash/fp/shuffle.js,1,0,4
JavaScript,Vieb/node_modules/lodash/fp/size.js,1,0,4
JavaScript,Vieb/node_modules/lodash/fp/slice.js,1,0,4
JavaScript,Vieb/node_modules/lodash/fp/snakeCase.js,1,0,4
JavaScript,Vieb/node_modules/lodash/fp/some.js,1,0,4
JavaScript,Vieb/node_modules/lodash/fp/sortBy.js,1,0,4
JavaScript,Vieb/node_modules/lodash/fp/sortedIndex.js,1,0,4
JavaScript,Vieb/node_modules/lodash/fp/sortedIndexBy.js,1,0,4
JavaScript,Vieb/node_modules/lodash/fp/sortedIndexOf.js,1,0,4
JavaScript,Vieb/node_modules/lodash/fp/sortedLastIndex.js,1,0,4
JavaScript,Vieb/node_modules/lodash/fp/sortedLastIndexBy.js,1,0,4
JavaScript,Vieb/node_modules/lodash/fp/sortedLastIndexOf.js,1,0,4
JavaScript,Vieb/node_modules/lodash/fp/sortedUniq.js,1,0,4
JavaScript,Vieb/node_modules/lodash/fp/sortedUniqBy.js,1,0,4
JavaScript,Vieb/node_modules/lodash/fp/split.js,1,0,4
JavaScript,Vieb/node_modules/lodash/fp/spread.js,1,0,4
JavaScript,Vieb/node_modules/lodash/fp/spreadFrom.js,1,0,4
JavaScript,Vieb/node_modules/lodash/fp/startCase.js,1,0,4
JavaScript,Vieb/node_modules/lodash/fp/startsWith.js,1,0,4
JavaScript,Vieb/node_modules/lodash/fp/stubArray.js,1,0,4
JavaScript,Vieb/node_modules/lodash/fp/stubFalse.js,1,0,4
JavaScript,Vieb/node_modules/lodash/fp/stubObject.js,1,0,4
JavaScript,Vieb/node_modules/lodash/fp/stubString.js,1,0,4
JavaScript,Vieb/node_modules/lodash/fp/stubTrue.js,1,0,4
JavaScript,Vieb/node_modules/lodash/fp/subtract.js,1,0,4
JavaScript,Vieb/node_modules/lodash/fp/sum.js,1,0,4
JavaScript,Vieb/node_modules/lodash/fp/sumBy.js,1,0,4
JavaScript,Vieb/node_modules/lodash/fp/tail.js,1,0,4
JavaScript,Vieb/node_modules/lodash/fp/take.js,1,0,4
JavaScript,Vieb/node_modules/lodash/fp/takeRight.js,1,0,4
JavaScript,Vieb/node_modules/lodash/fp/takeRightWhile.js,1,0,4
JavaScript,Vieb/node_modules/lodash/fp/takeWhile.js,1,0,4
JavaScript,Vieb/node_modules/lodash/fp/tap.js,1,0,4
JavaScript,Vieb/node_modules/lodash/fp/template.js,1,0,4
JavaScript,Vieb/node_modules/lodash/fp/templateSettings.js,1,0,4
JavaScript,Vieb/node_modules/lodash/fp/throttle.js,1,0,4
JavaScript,Vieb/node_modules/lodash/fp/thru.js,1,0,4
JavaScript,Vieb/node_modules/lodash/fp/times.js,1,0,4
JavaScript,Vieb/node_modules/lodash/fp/toArray.js,1,0,4
JavaScript,Vieb/node_modules/lodash/fp/toFinite.js,1,0,4
JavaScript,Vieb/node_modules/lodash/fp/toInteger.js,1,0,4
JavaScript,Vieb/node_modules/lodash/fp/toIterator.js,1,0,4
JavaScript,Vieb/node_modules/lodash/fp/toJSON.js,1,0,4
JavaScript,Vieb/node_modules/lodash/fp/toLength.js,1,0,4
JavaScript,Vieb/node_modules/lodash/fp/toLower.js,1,0,4
JavaScript,Vieb/node_modules/lodash/fp/toNumber.js,1,0,4
JavaScript,Vieb/node_modules/lodash/fp/toPairs.js,1,0,4
JavaScript,Vieb/node_modules/lodash/fp/toPairsIn.js,1,0,4
JavaScript,Vieb/node_modules/lodash/fp/toPath.js,1,0,4
JavaScript,Vieb/node_modules/lodash/fp/toPlainObject.js,1,0,4
JavaScript,Vieb/node_modules/lodash/fp/toSafeInteger.js,1,0,4
JavaScript,Vieb/node_modules/lodash/fp/toString.js,1,0,4
JavaScript,Vieb/node_modules/lodash/fp/toUpper.js,1,0,4
JavaScript,Vieb/node_modules/lodash/fp/transform.js,1,0,4
JavaScript,Vieb/node_modules/lodash/fp/trim.js,1,0,4
JavaScript,Vieb/node_modules/lodash/fp/trimChars.js,1,0,4
JavaScript,Vieb/node_modules/lodash/fp/trimCharsEnd.js,1,0,4
JavaScript,Vieb/node_modules/lodash/fp/trimCharsStart.js,1,0,4
JavaScript,Vieb/node_modules/lodash/fp/trimEnd.js,1,0,4
JavaScript,Vieb/node_modules/lodash/fp/trimStart.js,1,0,4
JavaScript,Vieb/node_modules/lodash/fp/truncate.js,1,0,4
JavaScript,Vieb/node_modules/lodash/fp/unary.js,1,0,4
JavaScript,Vieb/node_modules/lodash/fp/unescape.js,1,0,4
JavaScript,Vieb/node_modules/lodash/fp/union.js,1,0,4
JavaScript,Vieb/node_modules/lodash/fp/unionBy.js,1,0,4
JavaScript,Vieb/node_modules/lodash/fp/unionWith.js,1,0,4
JavaScript,Vieb/node_modules/lodash/fp/uniq.js,1,0,4
JavaScript,Vieb/node_modules/lodash/fp/uniqBy.js,1,0,4
JavaScript,Vieb/node_modules/lodash/fp/uniqWith.js,1,0,4
JavaScript,Vieb/node_modules/lodash/fp/uniqueId.js,1,0,4
JavaScript,Vieb/node_modules/lodash/fp/unset.js,1,0,4
JavaScript,Vieb/node_modules/lodash/fp/unzip.js,1,0,4
JavaScript,Vieb/node_modules/lodash/fp/unzipWith.js,1,0,4
JavaScript,Vieb/node_modules/lodash/fp/update.js,1,0,4
JavaScript,Vieb/node_modules/lodash/fp/updateWith.js,1,0,4
JavaScript,Vieb/node_modules/lodash/fp/upperCase.js,1,0,4
JavaScript,Vieb/node_modules/lodash/fp/upperFirst.js,1,0,4
JavaScript,Vieb/node_modules/lodash/fp/value.js,1,0,4
JavaScript,Vieb/node_modules/lodash/fp/valueOf.js,1,0,4
JavaScript,Vieb/node_modules/lodash/fp/values.js,1,0,4
JavaScript,Vieb/node_modules/lodash/fp/valuesIn.js,1,0,4
JavaScript,Vieb/node_modules/lodash/fp/without.js,1,0,4
JavaScript,Vieb/node_modules/lodash/fp/words.js,1,0,4
JavaScript,Vieb/node_modules/lodash/fp/wrap.js,1,0,4
JavaScript,Vieb/node_modules/lodash/fp/wrapperAt.js,1,0,4
JavaScript,Vieb/node_modules/lodash/fp/wrapperChain.js,1,0,4
JavaScript,Vieb/node_modules/lodash/fp/wrapperLodash.js,1,0,4
JavaScript,Vieb/node_modules/lodash/fp/wrapperReverse.js,1,0,4
JavaScript,Vieb/node_modules/lodash/fp/wrapperValue.js,1,0,4
JavaScript,Vieb/node_modules/lodash/fp/xor.js,1,0,4
JavaScript,Vieb/node_modules/lodash/fp/xorBy.js,1,0,4
JavaScript,Vieb/node_modules/lodash/fp/xorWith.js,1,0,4
JavaScript,Vieb/node_modules/lodash/fp/zip.js,1,0,4
JavaScript,Vieb/node_modules/lodash/fp/zipAll.js,1,0,4
JavaScript,Vieb/node_modules/lodash/fp/zipObject.js,1,0,4
JavaScript,Vieb/node_modules/lodash/fp/zipObjectDeep.js,1,0,4
JavaScript,Vieb/node_modules/lodash/fp/zipWith.js,1,0,4
JavaScript,Vieb/node_modules/lodash/gt.js,2,23,4
JavaScript,Vieb/node_modules/lodash/head.js,1,18,4
JavaScript,Vieb/node_modules/lodash/identity.js,1,16,4
JavaScript,Vieb/node_modules/lodash/invoke.js,2,18,4
JavaScript,Vieb/node_modules/lodash/isNil.js,1,20,4
JavaScript,Vieb/node_modules/lodash/isNull.js,1,17,4
JavaScript,Vieb/node_modules/lodash/isObjectLike.js,1,24,4
JavaScript,Vieb/node_modules/lodash/isUndefined.js,1,17,4
JavaScript,Vieb/node_modules/lodash/lt.js,2,23,4
JavaScript,Vieb/node_modules/lodash/over.js,2,18,4
JavaScript,Vieb/node_modules/lodash/overEvery.js,2,28,4
JavaScript,Vieb/node_modules/lodash/overSome.js,2,31,4
JavaScript,Vieb/node_modules/lodash/pull.js,2,23,4
JavaScript,Vieb/node_modules/lodash/stubArray.js,1,18,4
JavaScript,Vieb/node_modules/lodash/stubFalse.js,1,13,4
JavaScript,Vieb/node_modules/lodash/stubObject.js,1,18,4
JavaScript,Vieb/node_modules/lodash/stubString.js,1,13,4
JavaScript,Vieb/node_modules/lodash/stubTrue.js,1,13,4
JavaScript,Vieb/node_modules/lodash/thru.js,1,23,4
JavaScript,Vieb/node_modules/lodash/toIterator.js,1,18,4
JavaScript,Vieb/node_modules/lodash/toPairs.js,2,24,4
JavaScript,Vieb/node_modules/lodash/toPairsIn.js,2,24,4
JavaScript,Vieb/node_modules/lodash/zip.js,2,16,4
JavaScript,Vieb/node_modules/typedarray/example/tarray.js,0,0,4
JavaScript,Vieb/node_modules/@remusao/small/dist/es6/index.test.js,0,4,3
JavaScript,Vieb/node_modules/global-agent/node_modules/semver/functions/compare-loose.js,0,0,3
JavaScript,Vieb/node_modules/global-agent/node_modules/semver/functions/eq.js,0,0,3
JavaScript,Vieb/node_modules/global-agent/node_modules/semver/functions/gt.js,0,0,3
JavaScript,Vieb/node_modules/global-agent/node_modules/semver/functions/gte.js,0,0,3
JavaScript,Vieb/node_modules/global-agent/node_modules/semver/functions/lt.js,0,0,3
JavaScript,Vieb/node_modules/global-agent/node_modules/semver/functions/lte.js,0,0,3
JavaScript,Vieb/node_modules/global-agent/node_modules/semver/functions/major.js,0,0,3
JavaScript,Vieb/node_modules/global-agent/node_modules/semver/functions/minor.js,0,0,3
JavaScript,Vieb/node_modules/global-agent/node_modules/semver/functions/neq.js,0,0,3
JavaScript,Vieb/node_modules/global-agent/node_modules/semver/functions/patch.js,0,0,3
JavaScript,Vieb/node_modules/global-agent/node_modules/semver/functions/rcompare.js,0,0,3
JavaScript,Vieb/node_modules/global-agent/node_modules/semver/functions/rsort.js,0,0,3
JavaScript,Vieb/node_modules/global-agent/node_modules/semver/functions/sort.js,0,0,3
JavaScript,Vieb/node_modules/global-agent/node_modules/semver/ranges/gtr.js,0,1,3
JavaScript,Vieb/node_modules/global-agent/node_modules/semver/ranges/ltr.js,0,1,3
JavaScript,Vieb/node_modules/global-agent/src/classes/index.js,1,1,3
JavaScript,Vieb/node_modules/global-agent/src/utilities/index.js,1,1,3
JavaScript,Vieb/node_modules/got/source/utils/is-form-data.js,1,0,3
JavaScript,Vieb/node_modules/lodash/_Symbol.js,2,1,3
JavaScript,Vieb/node_modules/lodash/_Uint8Array.js,2,1,3
JavaScript,Vieb/node_modules/lodash/_asciiSize.js,2,7,3
JavaScript,Vieb/node_modules/lodash/_baseFor.js,2,11,3
JavaScript,Vieb/node_modules/lodash/_baseForRight.js,2,10,3
JavaScript,Vieb/node_modules/lodash/_baseLodash.js,1,6,3
JavaScript,Vieb/node_modules/lodash/_castRest.js,2,9,3
JavaScript,Vieb/node_modules/lodash/_coreJsData.js,2,1,3
JavaScript,Vieb/node_modules/lodash/_getPrototype.js,2,1,3
JavaScript,Vieb/node_modules/lodash/_metaMap.js,2,1,3
JavaScript,Vieb/node_modules/lodash/_nativeCreate.js,2,1,3
JavaScript,Vieb/node_modules/lodash/_nativeKeys.js,2,1,3
JavaScript,Vieb/node_modules/lodash/ceil.js,2,21,3
JavaScript,Vieb/node_modules/lodash/date.js,0,0,3
JavaScript,Vieb/node_modules/lodash/floor.js,2,21,3
JavaScript,Vieb/node_modules/lodash/flow.js,2,22,3
JavaScript,Vieb/node_modules/lodash/flowRight.js,2,21,3
JavaScript,Vieb/node_modules/lodash/lowerFirst.js,2,17,3
JavaScript,Vieb/node_modules/lodash/noop.js,1,13,3
JavaScript,Vieb/node_modules/lodash/range.js,2,41,3
JavaScript,Vieb/node_modules/lodash/rangeRight.js,2,36,3
JavaScript,Vieb/node_modules/lodash/round.js,2,21,3
JavaScript,Vieb/node_modules/lodash/upperFirst.js,2,17,3
JavaScript,Vieb/node_modules/object-keys/test/index.js,2,0,3
JavaScript,Vieb/node_modules/tldts-core/dist/es6/index.js,0,1,3
JavaScript,Vieb/node_modules/tldts-core/dist/es6/src/domain-without-suffix.js,0,9,3
JavaScript,Vieb/node_modules/tldts-experimental/dist/cjs/src/data/hashes.js,0,3,3
JavaScript,Vieb/node_modules/@cliqz/adblocker/dist/cjs/src/filters/interface.js,0,8,2
JavaScript,Vieb/node_modules/@electron/get/dist/cjs/Downloader.js,0,1,2
JavaScript,Vieb/node_modules/@electron/get/dist/cjs/types.js,0,1,2
JavaScript,Vieb/node_modules/global-agent/src/factories/index.js,1,1,2
JavaScript,Vieb/node_modules/global-agent/src/index.js,1,1,2
JavaScript,Vieb/node_modules/globalthis/auto.js,1,0,2
JavaScript,Vieb/node_modules/globalthis/implementation.js,1,0,2
JavaScript,Vieb/node_modules/lodash/_freeGlobal.js,1,1,2
JavaScript,Vieb/node_modules/lodash/_reEscape.js,1,1,2
JavaScript,Vieb/node_modules/lodash/_reEvaluate.js,1,1,2
JavaScript,Vieb/node_modules/lodash/_reInterpolate.js,1,1,2
JavaScript,Vieb/node_modules/lodash/_realNames.js,1,1,2
JavaScript,Vieb/node_modules/lodash/fp.js,0,0,2
JavaScript,Vieb/node_modules/lodash/fp/array.js,0,0,2
JavaScript,Vieb/node_modules/lodash/fp/collection.js,0,0,2
JavaScript,Vieb/node_modules/lodash/fp/date.js,0,0,2
JavaScript,Vieb/node_modules/lodash/fp/function.js,0,0,2
JavaScript,Vieb/node_modules/lodash/fp/lang.js,0,0,2
JavaScript,Vieb/node_modules/lodash/fp/math.js,0,0,2
JavaScript,Vieb/node_modules/lodash/fp/number.js,0,0,2
JavaScript,Vieb/node_modules/lodash/fp/object.js,0,0,2
JavaScript,Vieb/node_modules/lodash/fp/seq.js,0,0,2
JavaScript,Vieb/node_modules/lodash/fp/string.js,0,0,2
JavaScript,Vieb/node_modules/lodash/fp/util.js,0,0,2
JavaScript,Vieb/node_modules/lodash/isArray.js,1,23,2
JavaScript,Vieb/node_modules/minimist/example/parse.js,0,0,2
JavaScript,Vieb/node_modules/tldts-core/dist/cjs/src/lookup/interface.js,0,1,2
JavaScript,Vieb/node_modules/@cliqz/adblocker-content/dist/adblocker.umd.min.js,0,1,1
JavaScript,Vieb/node_modules/@cliqz/adblocker/dist/adblocker.umd.min.js,0,1,1
JavaScript,Vieb/node_modules/@cliqz/adblocker/dist/es6/src/filters/interface.js,0,8,1
JavaScript,Vieb/node_modules/@remusao/guess-url-type/dist/es6/src/extensions/documents.js,0,1,1
JavaScript,Vieb/node_modules/@remusao/guess-url-type/dist/es6/src/extensions/scripts.js,0,1,1
JavaScript,Vieb/node_modules/@remusao/guess-url-type/dist/es6/src/extensions/stylesheets.js,0,1,1
JavaScript,Vieb/node_modules/detect-node/browser.js,1,0,1
JavaScript,Vieb/node_modules/detect-node/index.esm.js,0,1,1
JavaScript,Vieb/node_modules/detect-node/index.js,0,1,1
JavaScript,Vieb/node_modules/extract-zip/node_modules/debug/node.js,0,0,1
JavaScript,Vieb/node_modules/global-agent/bootstrap.js,0,0,1
JavaScript,Vieb/node_modules/global-agent/node_modules/semver/preload.js,0,1,1
JavaScript,Vieb/node_modules/global-agent/src/routines/index.js,1,1,1
JavaScript,Vieb/node_modules/lodash/fp/F.js,0,0,1
JavaScript,Vieb/node_modules/lodash/fp/T.js,0,0,1
JavaScript,Vieb/node_modules/lodash/fp/__.js,0,0,1
JavaScript,Vieb/node_modules/lodash/fp/all.js,0,0,1
JavaScript,Vieb/node_modules/lodash/fp/allPass.js,0,0,1
JavaScript,Vieb/node_modules/lodash/fp/always.js,0,0,1
JavaScript,Vieb/node_modules/lodash/fp/any.js,0,0,1
JavaScript,Vieb/node_modules/lodash/fp/anyPass.js,0,0,1
JavaScript,Vieb/node_modules/lodash/fp/apply.js,0,0,1
JavaScript,Vieb/node_modules/lodash/fp/assocPath.js,0,0,1
JavaScript,Vieb/node_modules/lodash/fp/complement.js,0,0,1
JavaScript,Vieb/node_modules/lodash/fp/compose.js,0,0,1
JavaScript,Vieb/node_modules/lodash/fp/contains.js,0,0,1
JavaScript,Vieb/node_modules/lodash/fp/dissocPath.js,0,0,1
JavaScript,Vieb/node_modules/lodash/fp/dropLast.js,0,0,1
JavaScript,Vieb/node_modules/lodash/fp/dropLastWhile.js,0,0,1
JavaScript,Vieb/node_modules/lodash/fp/each.js,0,0,1
JavaScript,Vieb/node_modules/lodash/fp/eachRight.js,0,0,1
JavaScript,Vieb/node_modules/lodash/fp/entries.js,0,0,1
JavaScript,Vieb/node_modules/lodash/fp/entriesIn.js,0,0,1
JavaScript,Vieb/node_modules/lodash/fp/equals.js,0,0,1
JavaScript,Vieb/node_modules/lodash/fp/extend.js,0,0,1
JavaScript,Vieb/node_modules/lodash/fp/extendAll.js,0,0,1
JavaScript,Vieb/node_modules/lodash/fp/extendAllWith.js,0,0,1
JavaScript,Vieb/node_modules/lodash/fp/extendWith.js,0,0,1
JavaScript,Vieb/node_modules/lodash/fp/first.js,0,0,1
JavaScript,Vieb/node_modules/lodash/fp/identical.js,0,0,1
JavaScript,Vieb/node_modules/lodash/fp/indexBy.js,0,0,1
JavaScript,Vieb/node_modules/lodash/fp/init.js,0,0,1
JavaScript,Vieb/node_modules/lodash/fp/invertObj.js,0,0,1
JavaScript,Vieb/node_modules/lodash/fp/juxt.js,0,0,1
JavaScript,Vieb/node_modules/lodash/fp/nAry.js,0,0,1
JavaScript,Vieb/node_modules/lodash/fp/omitAll.js,0,0,1
JavaScript,Vieb/node_modules/lodash/fp/pickAll.js,0,0,1
JavaScript,Vieb/node_modules/lodash/fp/pipe.js,0,0,1
JavaScript,Vieb/node_modules/lodash/fp/placeholder.js,0,5,1
JavaScript,Vieb/node_modules/lodash/fp/pluck.js,0,0,1
JavaScript,Vieb/node_modules/lodash/fp/propEq.js,0,0,1
JavaScript,Vieb/node_modules/lodash/fp/propOr.js,0,0,1
JavaScript,Vieb/node_modules/lodash/fp/property.js,0,0,1
JavaScript,Vieb/node_modules/lodash/fp/props.js,0,0,1
JavaScript,Vieb/node_modules/lodash/fp/symmetricDifference.js,0,0,1
JavaScript,Vieb/node_modules/lodash/fp/symmetricDifferenceBy.js,0,0,1
JavaScript,Vieb/node_modules/lodash/fp/symmetricDifferenceWith.js,0,0,1
JavaScript,Vieb/node_modules/lodash/fp/takeLast.js,0,0,1
JavaScript,Vieb/node_modules/lodash/fp/takeLastWhile.js,0,0,1
JavaScript,Vieb/node_modules/lodash/fp/unapply.js,0,0,1
JavaScript,Vieb/node_modules/lodash/fp/unnest.js,0,0,1
JavaScript,Vieb/node_modules/lodash/fp/useWith.js,0,0,1
JavaScript,Vieb/node_modules/lodash/fp/where.js,0,0,1
JavaScript,Vieb/node_modules/lodash/fp/whereEq.js,0,0,1
JavaScript,Vieb/node_modules/lodash/fp/zipObj.js,0,0,1
JavaScript,Vieb/node_modules/lodash/index.js,0,0,1
JavaScript,Vieb/node_modules/lodash/valueOf.js,0,0,1
JavaScript,Vieb/node_modules/progress/index.js,0,0,1
JavaScript,Vieb/node_modules/readable-stream/duplex-browser.js,0,0,1
JavaScript,Vieb/node_modules/readable-stream/duplex.js,0,0,1
JavaScript,Vieb/node_modules/readable-stream/lib/internal/streams/stream-browser.js,0,0,1
JavaScript,Vieb/node_modules/readable-stream/lib/internal/streams/stream.js,0,0,1
JavaScript,Vieb/node_modules/readable-stream/passthrough.js,0,0,1
JavaScript,Vieb/node_modules/readable-stream/transform.js,0,0,1
JavaScript,Vieb/node_modules/readable-stream/writable-browser.js,0,0,1
JavaScript,Vieb/node_modules/roarr/dist/types.js,0,1,1
JavaScript,Vieb/node_modules/sprintf-js/dist/angular-sprintf.min.js,0,2,1
JavaScript,Vieb/node_modules/sprintf-js/dist/sprintf.min.js,0,2,1
JavaScript,Vieb/node_modules/tldts-core/dist/es6/src/lookup/interface.js,0,1,1
JavaScript,Vieb/node_modules/tldts-experimental/dist/es6/src/data/hashes.js,0,3,1
JavaScript,Vieb/node_modules/tldts-experimental/dist/index.cjs.min.js,0,1,1
JavaScript,Vieb/node_modules/tldts-experimental/dist/index.esm.min.js,0,1,1
JavaScript,Vieb/node_modules/tldts-experimental/dist/index.umd.min.js,0,1,1
JavaScript,Vieb/node_modules/tunnel/index.js,0,0,1
JavaScript,Vieb/node_modules/util-deprecate/node.js,2,3,1
JavaScript,Vieb/node_modules/@electron/get/dist/esm/Downloader.js,0,1,0
JavaScript,Vieb/node_modules/@electron/get/dist/esm/types.js,0,1,0
SUM,,8196,32060,62912
