language,filename,blank,comment,code,"github.com/AlDanial/cloc v 1.92  T=0.44 s (1722.8 files/s, 158237.9 lines/s)"
JavaScript,gun/node_modules/asn1js/src/asn1.js,651,2049,3533
JavaScript,gun/node_modules/ramda/dist/ramda.js,425,6098,3120
JavaScript,gun/node_modules/asn1js/build/asn1.js,1507,1540,2866
JavaScript,gun/node_modules/@peculiar/webcrypto/build/webcrypto.js,57,3,2131
JavaScript,gun/node_modules/@peculiar/webcrypto/build/webcrypto.es.js,52,3,2102
JavaScript,gun/node_modules/text-encoding/lib/encoding.js,428,1189,1696
JavaScript,gun/node_modules/webcrypto-core/build/webcrypto-core.js,54,3,1284
JavaScript,gun/node_modules/webcrypto-core/build/webcrypto-core.es.js,52,3,1244
JavaScript,gun/node_modules/ws/lib/websocket.js,152,314,612
JavaScript,gun/node_modules/emailjs/smtp/smtp.js,89,300,483
JavaScript,gun/node_modules/emailjs-mime-codec/dist/mimecodec.js,90,186,473
JavaScript,gun/node_modules/@peculiar/json-schema/build/index.js,22,3,470
JavaScript,gun/node_modules/@peculiar/json-schema/build/index.es.js,20,3,461
JavaScript,gun/node_modules/emailjs/smtp/message.js,75,210,452
JavaScript,gun/node_modules/pvutils/build/utils.js,111,235,431
JavaScript,gun/node_modules/emailjs-mime-codec/src/mimecodec.js,70,185,417
JavaScript,gun/node_modules/ws/lib/receiver.js,78,112,417
JavaScript,gun/node_modules/emailjs-mime-codec/src/mimecodec-unit.js,86,2,414
JavaScript,gun/node_modules/pvutils/src/utils.js,96,236,358
JavaScript,gun/node_modules/pvtsutils/build/index.js,7,3,317
JavaScript,gun/node_modules/ws/lib/permessage-deflate.js,65,143,310
JavaScript,gun/node_modules/pvtsutils/build/index.es.js,4,3,306
JavaScript,gun/node_modules/tslib/tslib.js,28,15,263
JavaScript,gun/node_modules/ws/lib/websocket-server.js,61,129,257
JavaScript,gun/node_modules/ramda/src/index.js,0,0,256
JavaScript,gun/node_modules/ramda/es/index.js,0,0,255
JavaScript,gun/node_modules/ramda/src/index.mjs,0,0,255
JavaScript,gun/node_modules/ws/lib/sender.js,50,131,228
JavaScript,gun/node_modules/addressparser/src/addressparser.js,33,54,199
JavaScript,gun/node_modules/tslib/tslib.es6.js,28,15,196
JavaScript,gun/node_modules/emailjs/smtp/client.js,33,124,169
JavaScript,gun/node_modules/ws/lib/extension.js,18,41,164
JavaScript,gun/node_modules/@peculiar/asn1-schema/build/cjs/schema.js,0,0,161
JavaScript,gun/node_modules/@peculiar/asn1-schema/build/es2015/schema.js,0,0,157
JavaScript,gun/node_modules/@peculiar/asn1-schema/build/cjs/serializer.js,0,0,142
JavaScript,gun/node_modules/@peculiar/asn1-schema/build/es2015/serializer.js,0,0,138
JavaScript,gun/node_modules/@peculiar/asn1-schema/build/cjs/parser.js,0,0,137
JavaScript,gun/node_modules/ramda/es/internal/_Set.js,10,29,134
JavaScript,gun/node_modules/ramda/src/internal/_Set.js,11,29,134
JavaScript,gun/node_modules/@peculiar/asn1-schema/build/es2015/parser.js,0,0,133
JavaScript,gun/node_modules/node-gyp-build/index.js,29,5,132
JavaScript,gun/node_modules/@peculiar/asn1-schema/build/cjs/converters.js,0,0,131
JavaScript,gun/node_modules/@peculiar/asn1-schema/build/es2015/converters.js,0,0,127
JavaScript,gun/node_modules/ramda/src/internal/_equals.js,24,12,120
JavaScript,gun/node_modules/ramda/es/internal/_equals.js,18,12,119
JavaScript,gun/node_modules/ws/lib/stream.js,26,42,109
JavaScript,gun/node_modules/emailjs/smtp/response.js,15,44,80
JavaScript,gun/node_modules/ws/lib/event-target.js,18,91,75
JavaScript,gun/node_modules/ws/lib/validation.js,10,21,73
JavaScript,gun/node_modules/ws/lib/buffer-util.js,17,41,71
JavaScript,gun/node_modules/emailjs-mime-codec/dist/charset.js,19,21,66
JavaScript,gun/node_modules/@peculiar/asn1-schema/build/cjs/types/bit_string.js,0,0,63
JavaScript,gun/node_modules/node-gyp-build/bin.js,12,2,63
JavaScript,gun/node_modules/@peculiar/asn1-schema/build/es2015/types/bit_string.js,0,0,59
JavaScript,gun/node_modules/ramda/src/internal/_reduce.js,8,0,54
JavaScript,gun/node_modules/ramda/es/internal/_reduce.js,6,0,53
JavaScript,gun/node_modules/tslib/modules/index.js,0,0,53
JavaScript,gun/node_modules/ramda/es/nAry.js,1,30,52
JavaScript,gun/node_modules/ramda/src/nAry.js,3,30,52
JavaScript,gun/node_modules/ramda/src/internal/_arity.js,0,1,51
JavaScript,gun/node_modules/ramda/es/internal/_arity.js,0,1,50
JavaScript,gun/node_modules/emailjs-base64/dist/base64-decode.js,6,8,49
JavaScript,gun/node_modules/ramda/src/internal/_indexOf.js,3,7,47
JavaScript,gun/node_modules/ramda/src/internal/_toString.js,8,1,47
JavaScript,gun/node_modules/@peculiar/asn1-schema/build/cjs/helper.js,0,0,46
JavaScript,gun/node_modules/ramda/es/internal/_indexOf.js,3,7,46
JavaScript,gun/node_modules/ramda/es/internal/_toString.js,3,1,46
JavaScript,gun/node_modules/ramda/es/keys.js,4,20,46
JavaScript,gun/node_modules/ramda/src/keys.js,8,20,46
JavaScript,gun/node_modules/utf-8-validate/fallback.js,7,9,46
JavaScript,gun/node_modules/emailjs-base64/dist/base64-encode.js,9,3,45
JavaScript,gun/node_modules/emailjs-mime-codec/src/charset-unit.js,10,0,45
JavaScript,gun/node_modules/@peculiar/asn1-schema/build/cjs/types/octet_string.js,0,0,43
JavaScript,gun/node_modules/ramda/src/internal/_stepCat.js,6,0,43
JavaScript,gun/node_modules/ramda/es/internal/_stepCat.js,2,0,42
JavaScript,gun/node_modules/text-encoding/lib/encoding-indexes.js,3,2,42
JavaScript,gun/node_modules/emailjs-base64/src/base64-decode.js,5,1,41
JavaScript,gun/node_modules/emailjs-base64/src/base64-unit.js,9,0,41
JavaScript,gun/node_modules/@peculiar/asn1-schema/build/es2015/helper.js,0,0,40
JavaScript,gun/node_modules/@peculiar/asn1-schema/build/cjs/enums.js,0,0,39
JavaScript,gun/node_modules/@peculiar/asn1-schema/build/es2015/types/octet_string.js,0,0,39
JavaScript,gun/node_modules/ramda/es/constructN.js,1,35,38
JavaScript,gun/node_modules/ramda/es/internal/_xreduceBy.js,3,0,38
JavaScript,gun/node_modules/ramda/src/constructN.js,5,35,38
JavaScript,gun/node_modules/ramda/src/internal/_curry3.js,5,8,38
JavaScript,gun/node_modules/ramda/src/internal/_xreduceBy.js,6,0,38
JavaScript,gun/node_modules/@peculiar/asn1-schema/build/cjs/decorators.js,0,0,37
JavaScript,gun/node_modules/ramda/es/internal/_curry3.js,1,8,37
JavaScript,gun/node_modules/@peculiar/asn1-schema/build/es2015/enums.js,0,0,36
JavaScript,gun/node_modules/ramda/es/internal/_xaperture.js,3,0,36
JavaScript,gun/node_modules/ramda/src/internal/_xaperture.js,6,0,36
JavaScript,gun/node_modules/emailjs-mime-codec/src/charset.js,13,20,35
JavaScript,gun/node_modules/ramda/es/internal/_xdropLast.js,3,0,35
JavaScript,gun/node_modules/ramda/src/internal/_xdropLast.js,5,0,35
JavaScript,gun/node_modules/emailjs-base64/src/base64-encode.js,8,2,33
JavaScript,gun/node_modules/ramda/src/internal/_clone.js,4,10,33
JavaScript,gun/node_modules/@peculiar/asn1-schema/build/es2015/decorators.js,0,0,32
JavaScript,gun/node_modules/ramda/es/internal/_clone.js,1,10,32
JavaScript,gun/node_modules/ramda/es/internal/_xdropLastWhile.js,3,0,32
JavaScript,gun/node_modules/ramda/src/internal/_xdropLastWhile.js,6,0,32
JavaScript,gun/node_modules/emailjs-base64/dist/base64.js,6,1,31
JavaScript,gun/node_modules/ramda/es/internal/_xfindIndex.js,3,0,31
JavaScript,gun/node_modules/ramda/src/internal/_xfindIndex.js,6,0,31
JavaScript,gun/node_modules/emailjs/smtp/error.js,8,49,29
JavaScript,gun/node_modules/ramda/es/internal/_flatCat.js,3,0,29
JavaScript,gun/node_modules/ramda/es/internal/_xall.js,3,0,29
JavaScript,gun/node_modules/ramda/es/internal/_xany.js,3,0,29
JavaScript,gun/node_modules/ramda/es/internal/_xfind.js,3,0,29
JavaScript,gun/node_modules/ramda/src/internal/_flatCat.js,6,0,29
JavaScript,gun/node_modules/ramda/src/internal/_xall.js,6,0,29
JavaScript,gun/node_modules/ramda/src/internal/_xany.js,6,0,29
JavaScript,gun/node_modules/ramda/src/internal/_xfind.js,6,0,29
JavaScript,gun/node_modules/ramda/es/internal/_isArrayLike.js,1,17,28
JavaScript,gun/node_modules/ramda/src/internal/_isArrayLike.js,5,17,28
JavaScript,gun/node_modules/ramda/es/concat.js,1,28,27
JavaScript,gun/node_modules/ramda/es/internal/_xdropRepeatsWith.js,4,0,27
JavaScript,gun/node_modules/ramda/src/concat.js,7,28,27
JavaScript,gun/node_modules/ramda/src/internal/_xdropRepeatsWith.js,6,0,27
JavaScript,gun/node_modules/ws/lib/limiter.js,7,21,27
JavaScript,gun/node_modules/@peculiar/asn1-schema/build/cjs/convert.js,0,0,26
JavaScript,gun/node_modules/ramda/es/applySpec.js,3,27,26
JavaScript,gun/node_modules/ramda/es/dissocPath.js,1,19,26
JavaScript,gun/node_modules/ramda/es/internal/_xfindLastIndex.js,3,0,26
JavaScript,gun/node_modules/ramda/src/applySpec.js,12,27,26
JavaScript,gun/node_modules/ramda/src/dissocPath.js,9,19,26
JavaScript,gun/node_modules/ramda/src/internal/_curryN.js,4,10,26
JavaScript,gun/node_modules/ramda/src/internal/_dispatchable.js,4,14,26
JavaScript,gun/node_modules/ramda/src/internal/_xfindLastIndex.js,5,0,26
JavaScript,gun/node_modules/ramda/es/internal/_curryN.js,1,10,25
JavaScript,gun/node_modules/ramda/es/internal/_dispatchable.js,1,14,25
JavaScript,gun/node_modules/ramda/src/internal/_makeFlat.js,4,6,25
JavaScript,gun/node_modules/ramda/es/assocPath.js,1,24,24
JavaScript,gun/node_modules/ramda/es/internal/_makeFlat.js,2,6,24
JavaScript,gun/node_modules/ramda/es/internal/_xdropWhile.js,3,0,24
JavaScript,gun/node_modules/ramda/src/assocPath.js,8,24,24
JavaScript,gun/node_modules/ramda/src/internal/_xdropWhile.js,5,0,24
JavaScript,gun/node_modules/emailjs/smtp/date.js,6,9,23
JavaScript,gun/node_modules/ramda/es/internal/_xfindLast.js,3,0,23
JavaScript,gun/node_modules/ramda/es/map.js,1,35,23
JavaScript,gun/node_modules/ramda/src/internal/_xfindLast.js,5,0,23
JavaScript,gun/node_modules/ramda/src/map.js,9,35,23
JavaScript,gun/node_modules/@peculiar/asn1-schema/build/es2015/convert.js,0,0,22
JavaScript,gun/node_modules/ramda/es/internal/_objectAssign.js,3,1,22
JavaScript,gun/node_modules/ramda/es/internal/_xdrop.js,3,0,22
JavaScript,gun/node_modules/ramda/es/internal/_xtake.js,3,0,22
JavaScript,gun/node_modules/ramda/src/internal/_objectAssign.js,5,1,22
JavaScript,gun/node_modules/ramda/src/internal/_xdrop.js,5,0,22
JavaScript,gun/node_modules/ramda/src/internal/_xtake.js,6,0,22
JavaScript,gun/node_modules/ramda/src/internal/_curry2.js,4,8,21
JavaScript,gun/node_modules/ramda/es/cond.js,1,27,20
JavaScript,gun/node_modules/ramda/es/difference.js,3,20,20
JavaScript,gun/node_modules/ramda/es/dropRepeatsWith.js,1,21,20
JavaScript,gun/node_modules/ramda/es/internal/_curry2.js,1,8,20
JavaScript,gun/node_modules/ramda/src/cond.js,7,27,20
JavaScript,gun/node_modules/ramda/src/difference.js,6,20,20
JavaScript,gun/node_modules/ramda/src/dropRepeatsWith.js,6,21,20
JavaScript,gun/node_modules/ramda/src/internal/_concat.js,1,11,20
JavaScript,gun/node_modules/@peculiar/asn1-schema/build/cjs/index.js,0,0,19
JavaScript,gun/node_modules/ramda/es/allPass.js,1,25,19
JavaScript,gun/node_modules/ramda/es/anyPass.js,1,26,19
JavaScript,gun/node_modules/ramda/es/hasPath.js,1,21,19
JavaScript,gun/node_modules/ramda/es/internal/_concat.js,1,11,19
JavaScript,gun/node_modules/ramda/es/internal/_xtakeWhile.js,3,0,19
JavaScript,gun/node_modules/ramda/es/internal/_xtap.js,3,0,19
JavaScript,gun/node_modules/ramda/es/pipeWith.js,3,21,19
JavaScript,gun/node_modules/ramda/es/transpose.js,1,24,19
JavaScript,gun/node_modules/ramda/src/allPass.js,7,25,19
JavaScript,gun/node_modules/ramda/src/anyPass.js,7,26,19
JavaScript,gun/node_modules/ramda/src/hasPath.js,4,21,19
JavaScript,gun/node_modules/ramda/src/internal/_xtakeWhile.js,6,0,19
JavaScript,gun/node_modules/ramda/src/internal/_xtap.js,5,0,19
JavaScript,gun/node_modules/ramda/src/internal/_xwrap.js,2,0,19
JavaScript,gun/node_modules/ramda/src/pipeWith.js,10,21,19
JavaScript,gun/node_modules/ramda/src/transpose.js,3,24,19
JavaScript,gun/node_modules/ramda/es/addIndex.js,1,24,18
JavaScript,gun/node_modules/ramda/es/internal/_xfilter.js,3,0,18
JavaScript,gun/node_modules/ramda/es/internal/_xmap.js,3,0,18
JavaScript,gun/node_modules/ramda/es/internal/_xwrap.js,2,0,18
JavaScript,gun/node_modules/ramda/es/invert.js,2,22,18
JavaScript,gun/node_modules/ramda/es/lastIndexOf.js,1,19,18
JavaScript,gun/node_modules/ramda/es/mergeWithKey.js,4,25,18
JavaScript,gun/node_modules/ramda/es/omit.js,3,16,18
JavaScript,gun/node_modules/ramda/es/uncurryN.js,1,19,18
JavaScript,gun/node_modules/ramda/es/uniqBy.js,2,18,18
JavaScript,gun/node_modules/ramda/es/xprod.js,1,19,18
JavaScript,gun/node_modules/ramda/src/addIndex.js,5,24,18
JavaScript,gun/node_modules/ramda/src/internal/_xfilter.js,5,0,18
JavaScript,gun/node_modules/ramda/src/internal/_xmap.js,5,0,18
JavaScript,gun/node_modules/ramda/src/invert.js,6,22,18
JavaScript,gun/node_modules/ramda/src/lastIndexOf.js,5,19,18
JavaScript,gun/node_modules/ramda/src/mergeWithKey.js,7,25,18
JavaScript,gun/node_modules/ramda/src/omit.js,5,16,18
JavaScript,gun/node_modules/ramda/src/uncurryN.js,4,19,18
JavaScript,gun/node_modules/ramda/src/uniqBy.js,5,18,18
JavaScript,gun/node_modules/ramda/src/xprod.js,3,19,18
JavaScript,gun/node_modules/@peculiar/asn1-schema/build/cjs/objects.js,0,0,17
JavaScript,gun/node_modules/ramda/es/filter.js,1,28,17
JavaScript,gun/node_modules/ramda/es/intersection.js,1,17,17
JavaScript,gun/node_modules/ramda/es/intersperse.js,1,17,17
JavaScript,gun/node_modules/ramda/es/uniqWith.js,1,22,17
JavaScript,gun/node_modules/ramda/src/filter.js,9,28,17
JavaScript,gun/node_modules/ramda/src/intersection.js,7,17,17
JavaScript,gun/node_modules/ramda/src/intersperse.js,4,17,17
JavaScript,gun/node_modules/ramda/src/uniqWith.js,4,22,17
JavaScript,gun/node_modules/ramda/es/converge.js,1,28,16
JavaScript,gun/node_modules/ramda/es/groupWith.js,1,30,16
JavaScript,gun/node_modules/ramda/es/times.js,2,23,16
JavaScript,gun/node_modules/ramda/src/converge.js,8,28,16
JavaScript,gun/node_modules/ramda/src/groupWith.js,3,30,16
JavaScript,gun/node_modules/ramda/src/times.js,4,23,16
JavaScript,gun/node_modules/ramda/es/differenceWith.js,1,22,15
JavaScript,gun/node_modules/ramda/es/findIndex.js,1,22,15
JavaScript,gun/node_modules/ramda/es/invertObj.js,2,27,15
JavaScript,gun/node_modules/ramda/es/once.js,1,19,15
JavaScript,gun/node_modules/ramda/es/range.js,1,16,15
JavaScript,gun/node_modules/ramda/src/differenceWith.js,4,22,15
JavaScript,gun/node_modules/ramda/src/findIndex.js,5,22,15
JavaScript,gun/node_modules/ramda/src/invertObj.js,5,27,15
JavaScript,gun/node_modules/ramda/src/once.js,4,19,15
JavaScript,gun/node_modules/ramda/src/range.js,4,16,15
JavaScript,gun/node_modules/node-gyp-build/build-test.js,4,1,14
JavaScript,gun/node_modules/ramda/es/all.js,1,24,14
JavaScript,gun/node_modules/ramda/es/any.js,1,25,14
JavaScript,gun/node_modules/ramda/es/chain.js,1,26,14
JavaScript,gun/node_modules/ramda/es/find.js,1,24,14
JavaScript,gun/node_modules/ramda/es/findLastIndex.js,1,22,14
JavaScript,gun/node_modules/ramda/es/invoker.js,1,27,14
JavaScript,gun/node_modules/ramda/es/mapAccum.js,1,34,14
JavaScript,gun/node_modules/ramda/es/median.js,1,17,14
JavaScript,gun/node_modules/ramda/es/memoizeWith.js,1,28,14
JavaScript,gun/node_modules/ramda/es/path.js,1,18,14
JavaScript,gun/node_modules/ramda/es/splitEvery.js,1,17,14
JavaScript,gun/node_modules/ramda/es/useWith.js,1,29,14
JavaScript,gun/node_modules/ramda/es/values.js,1,17,14
JavaScript,gun/node_modules/ramda/src/all.js,5,24,14
JavaScript,gun/node_modules/ramda/src/any.js,5,25,14
JavaScript,gun/node_modules/ramda/src/chain.js,7,26,14
JavaScript,gun/node_modules/ramda/src/find.js,5,24,14
JavaScript,gun/node_modules/ramda/src/findLastIndex.js,5,22,14
JavaScript,gun/node_modules/ramda/src/invoker.js,6,27,14
JavaScript,gun/node_modules/ramda/src/mapAccum.js,3,34,14
JavaScript,gun/node_modules/ramda/src/median.js,4,17,14
JavaScript,gun/node_modules/ramda/src/memoizeWith.js,5,28,14
JavaScript,gun/node_modules/ramda/src/path.js,3,18,14
JavaScript,gun/node_modules/ramda/src/splitEvery.js,4,17,14
JavaScript,gun/node_modules/ramda/src/useWith.js,4,29,14
JavaScript,gun/node_modules/ramda/src/values.js,4,17,14
JavaScript,gun/node_modules/@peculiar/asn1-schema/build/es2015/objects.js,0,0,13
JavaScript,gun/node_modules/bufferutil/fallback.js,3,18,13
JavaScript,gun/node_modules/ramda/es/adjust.js,1,25,13
JavaScript,gun/node_modules/ramda/es/dropWhile.js,1,28,13
JavaScript,gun/node_modules/ramda/es/findLast.js,1,22,13
JavaScript,gun/node_modules/ramda/es/forEachObjIndexed.js,1,22,13
JavaScript,gun/node_modules/ramda/es/mapAccumRight.js,1,37,13
JavaScript,gun/node_modules/ramda/es/mergeDeepWithKey.js,1,28,13
JavaScript,gun/node_modules/ramda/es/pick.js,1,18,13
JavaScript,gun/node_modules/ramda/es/pickAll.js,1,18,13
JavaScript,gun/node_modules/ramda/es/reduceBy.js,1,41,13
JavaScript,gun/node_modules/ramda/es/scan.js,1,21,13
JavaScript,gun/node_modules/ramda/es/sortWith.js,1,32,13
JavaScript,gun/node_modules/ramda/es/takeWhile.js,1,29,13
JavaScript,gun/node_modules/ramda/es/tryCatch.js,1,22,13
JavaScript,gun/node_modules/ramda/src/adjust.js,4,25,13
JavaScript,gun/node_modules/ramda/src/dropWhile.js,6,28,13
JavaScript,gun/node_modules/ramda/src/findLast.js,5,22,13
JavaScript,gun/node_modules/ramda/src/forEachObjIndexed.js,4,22,13
JavaScript,gun/node_modules/ramda/src/internal/_filter.js,1,0,13
JavaScript,gun/node_modules/ramda/src/mapAccumRight.js,3,37,13
JavaScript,gun/node_modules/ramda/src/mergeDeepWithKey.js,5,28,13
JavaScript,gun/node_modules/ramda/src/pick.js,3,18,13
JavaScript,gun/node_modules/ramda/src/pickAll.js,3,18,13
JavaScript,gun/node_modules/ramda/src/reduceBy.js,7,41,13
JavaScript,gun/node_modules/ramda/src/scan.js,3,21,13
JavaScript,gun/node_modules/ramda/src/sortWith.js,3,32,13
JavaScript,gun/node_modules/ramda/src/takeWhile.js,6,29,13
JavaScript,gun/node_modules/ramda/src/tryCatch.js,5,22,13
JavaScript,gun/node_modules/ramda/es/ap.js,1,26,12
JavaScript,gun/node_modules/ramda/es/empty.js,1,23,12
JavaScript,gun/node_modules/ramda/es/evolve.js,1,27,12
JavaScript,gun/node_modules/ramda/es/forEach.js,1,34,12
JavaScript,gun/node_modules/ramda/es/internal/_filter.js,1,0,12
JavaScript,gun/node_modules/ramda/es/lens.js,1,23,12
JavaScript,gun/node_modules/ramda/es/liftN.js,1,17,12
JavaScript,gun/node_modules/ramda/es/mathMod.js,1,33,12
JavaScript,gun/node_modules/ramda/es/over.js,2,27,12
JavaScript,gun/node_modules/ramda/es/props.js,3,20,12
JavaScript,gun/node_modules/ramda/es/splitWhen.js,3,19,12
JavaScript,gun/node_modules/ramda/es/toPairs.js,1,18,12
JavaScript,gun/node_modules/ramda/es/trim.js,1,15,12
JavaScript,gun/node_modules/ramda/es/zip.js,1,19,12
JavaScript,gun/node_modules/ramda/es/zipObj.js,1,17,12
JavaScript,gun/node_modules/ramda/es/zipWith.js,1,24,12
JavaScript,gun/node_modules/ramda/src/ap.js,6,26,12
JavaScript,gun/node_modules/ramda/src/composeK.js,5,31,12
JavaScript,gun/node_modules/ramda/src/empty.js,7,23,12
JavaScript,gun/node_modules/ramda/src/evolve.js,3,27,12
JavaScript,gun/node_modules/ramda/src/forEach.js,4,34,12
JavaScript,gun/node_modules/ramda/src/internal/_checkForMethod.js,3,10,12
JavaScript,gun/node_modules/ramda/src/internal/_includesWith.js,1,0,12
JavaScript,gun/node_modules/ramda/src/lens.js,4,23,12
JavaScript,gun/node_modules/ramda/src/liftN.js,7,17,12
JavaScript,gun/node_modules/ramda/src/mathMod.js,4,33,12
JavaScript,gun/node_modules/ramda/src/over.js,4,27,12
JavaScript,gun/node_modules/ramda/src/props.js,5,20,12
JavaScript,gun/node_modules/ramda/src/splitWhen.js,5,19,12
JavaScript,gun/node_modules/ramda/src/toPairs.js,4,18,12
JavaScript,gun/node_modules/ramda/src/trim.js,1,15,12
JavaScript,gun/node_modules/ramda/src/zip.js,3,19,12
JavaScript,gun/node_modules/ramda/src/zipObj.js,3,17,12
JavaScript,gun/node_modules/ramda/src/zipWith.js,3,24,12
JavaScript,gun/node_modules/ramda/es/composeK.js,1,31,11
JavaScript,gun/node_modules/ramda/es/curryN.js,1,42,11
JavaScript,gun/node_modules/ramda/es/flip.js,1,20,11
JavaScript,gun/node_modules/ramda/es/fromPairs.js,1,16,11
JavaScript,gun/node_modules/ramda/es/groupBy.js,1,40,11
JavaScript,gun/node_modules/ramda/es/internal/_checkForMethod.js,1,10,11
JavaScript,gun/node_modules/ramda/es/internal/_includesWith.js,1,0,11
JavaScript,gun/node_modules/ramda/es/pickBy.js,1,20,11
JavaScript,gun/node_modules/ramda/es/sequence.js,1,24,11
JavaScript,gun/node_modules/ramda/es/test.js,1,17,11
JavaScript,gun/node_modules/ramda/es/thunkify.js,2,17,11
JavaScript,gun/node_modules/ramda/es/unfold.js,1,25,11
JavaScript,gun/node_modules/ramda/es/where.js,1,35,11
JavaScript,gun/node_modules/ramda/src/curryN.js,6,42,11
JavaScript,gun/node_modules/ramda/src/flip.js,4,20,11
JavaScript,gun/node_modules/ramda/src/fromPairs.js,3,16,11
JavaScript,gun/node_modules/ramda/src/groupBy.js,5,40,11
JavaScript,gun/node_modules/ramda/src/internal/_aperture.js,0,0,11
JavaScript,gun/node_modules/ramda/src/internal/_curry1.js,3,8,11
JavaScript,gun/node_modules/ramda/src/internal/_map.js,0,0,11
JavaScript,gun/node_modules/ramda/src/pickBy.js,3,20,11
JavaScript,gun/node_modules/ramda/src/pipe.js,6,23,11
JavaScript,gun/node_modules/ramda/src/pipeP.js,6,19,11
JavaScript,gun/node_modules/ramda/src/sequence.js,7,24,11
JavaScript,gun/node_modules/ramda/src/test.js,6,17,11
JavaScript,gun/node_modules/ramda/src/thunkify.js,5,17,11
JavaScript,gun/node_modules/ramda/src/unfold.js,3,25,11
JavaScript,gun/node_modules/ramda/src/where.js,4,35,11
JavaScript,gun/node_modules/@peculiar/asn1-schema/build/cjs/errors/schema_validation.js,0,0,10
JavaScript,gun/node_modules/ramda/es/assoc.js,1,20,10
JavaScript,gun/node_modules/ramda/es/both.js,1,31,10
JavaScript,gun/node_modules/ramda/es/dissoc.js,1,16,10
JavaScript,gun/node_modules/ramda/es/either.js,1,30,10
JavaScript,gun/node_modules/ramda/es/internal/_aperture.js,0,0,10
JavaScript,gun/node_modules/ramda/es/internal/_curry1.js,1,8,10
JavaScript,gun/node_modules/ramda/es/internal/_isArguments.js,2,0,10
JavaScript,gun/node_modules/ramda/es/internal/_map.js,0,0,10
JavaScript,gun/node_modules/ramda/es/keysIn.js,1,21,10
JavaScript,gun/node_modules/ramda/es/mapObjIndexed.js,1,21,10
JavaScript,gun/node_modules/ramda/es/move.js,3,17,10
JavaScript,gun/node_modules/ramda/es/nthArg.js,1,18,10
JavaScript,gun/node_modules/ramda/es/pipe.js,1,23,10
JavaScript,gun/node_modules/ramda/es/pipeP.js,1,19,10
JavaScript,gun/node_modules/ramda/es/reduceRight.js,1,42,10
JavaScript,gun/node_modules/ramda/es/takeLastWhile.js,1,25,10
JavaScript,gun/node_modules/ramda/es/valuesIn.js,1,21,10
JavaScript,gun/node_modules/ramda/es/view.js,2,24,10
JavaScript,gun/node_modules/ramda/src/assoc.js,3,20,10
JavaScript,gun/node_modules/ramda/src/both.js,6,31,10
JavaScript,gun/node_modules/ramda/src/dissoc.js,3,16,10
JavaScript,gun/node_modules/ramda/src/either.js,6,30,10
JavaScript,gun/node_modules/ramda/src/internal/_createPartialApplicator.js,2,0,10
JavaScript,gun/node_modules/ramda/src/internal/_isArguments.js,2,0,10
JavaScript,gun/node_modules/ramda/src/keysIn.js,3,21,10
JavaScript,gun/node_modules/ramda/src/mapObjIndexed.js,5,21,10
JavaScript,gun/node_modules/ramda/src/move.js,5,17,10
JavaScript,gun/node_modules/ramda/src/nthArg.js,5,18,10
JavaScript,gun/node_modules/ramda/src/reduceRight.js,3,42,10
JavaScript,gun/node_modules/ramda/src/takeLastWhile.js,4,25,10
JavaScript,gun/node_modules/ramda/src/valuesIn.js,3,21,10
JavaScript,gun/node_modules/ramda/src/view.js,4,24,10
JavaScript,gun/node_modules/@peculiar/asn1-schema/build/es2015/index.js,0,0,9
JavaScript,gun/node_modules/ramda/es/innerJoin.js,1,35,9
JavaScript,gun/node_modules/ramda/es/internal/_createPartialApplicator.js,1,0,9
JavaScript,gun/node_modules/ramda/es/internal/_toISOString.js,2,3,9
JavaScript,gun/node_modules/ramda/es/into.js,1,39,9
JavaScript,gun/node_modules/ramda/es/reduceWhile.js,1,29,9
JavaScript,gun/node_modules/ramda/es/sortBy.js,1,33,9
JavaScript,gun/node_modules/ramda/es/toPairsIn.js,1,21,9
JavaScript,gun/node_modules/ramda/es/until.js,1,19,9
JavaScript,gun/node_modules/ramda/src/compose.js,4,24,9
JavaScript,gun/node_modules/ramda/src/composeP.js,4,35,9
JavaScript,gun/node_modules/ramda/src/innerJoin.js,5,35,9
JavaScript,gun/node_modules/ramda/src/internal/_arrayFromIterator.js,0,0,9
JavaScript,gun/node_modules/ramda/src/internal/_dropLastWhile.js,1,0,9
JavaScript,gun/node_modules/ramda/src/internal/_functionsWith.js,3,5,9
JavaScript,gun/node_modules/ramda/src/internal/_pipeP.js,0,0,9
JavaScript,gun/node_modules/ramda/src/internal/_toISOString.js,2,3,9
JavaScript,gun/node_modules/ramda/src/into.js,7,39,9
JavaScript,gun/node_modules/ramda/src/pipeK.js,4,35,9
JavaScript,gun/node_modules/ramda/src/reduceWhile.js,5,29,9
JavaScript,gun/node_modules/ramda/src/sortBy.js,3,33,9
JavaScript,gun/node_modules/ramda/src/toPairsIn.js,3,21,9
JavaScript,gun/node_modules/ramda/src/until.js,3,19,9
JavaScript,gun/node_modules/ws/lib/constants.js,1,0,9
JavaScript,gun/node_modules/ramda/es/bind.js,1,22,8
JavaScript,gun/node_modules/ramda/es/clamp.js,1,20,8
JavaScript,gun/node_modules/ramda/es/compose.js,1,24,8
JavaScript,gun/node_modules/ramda/es/composeP.js,1,35,8
JavaScript,gun/node_modules/ramda/es/drop.js,1,24,8
JavaScript,gun/node_modules/ramda/es/ifElse.js,1,25,8
JavaScript,gun/node_modules/ramda/es/insert.js,2,18,8
JavaScript,gun/node_modules/ramda/es/internal/_arrayFromIterator.js,0,0,8
JavaScript,gun/node_modules/ramda/es/internal/_dropLastWhile.js,1,0,8
JavaScript,gun/node_modules/ramda/es/internal/_functionsWith.js,1,5,8
JavaScript,gun/node_modules/ramda/es/internal/_objectIs.js,1,5,8
JavaScript,gun/node_modules/ramda/es/internal/_pipeP.js,0,0,8
JavaScript,gun/node_modules/ramda/es/internal/_xfBase.js,0,0,8
JavaScript,gun/node_modules/ramda/es/juxt.js,1,17,8
JavaScript,gun/node_modules/ramda/es/lensIndex.js,1,20,8
JavaScript,gun/node_modules/ramda/es/lensPath.js,1,24,8
JavaScript,gun/node_modules/ramda/es/lensProp.js,1,20,8
JavaScript,gun/node_modules/ramda/es/mergeDeepLeft.js,1,21,8
JavaScript,gun/node_modules/ramda/es/mergeDeepRight.js,1,21,8
JavaScript,gun/node_modules/ramda/es/mergeDeepWith.js,1,27,8
JavaScript,gun/node_modules/ramda/es/mergeWith.js,1,23,8
JavaScript,gun/node_modules/ramda/es/pipeK.js,1,35,8
JavaScript,gun/node_modules/ramda/es/take.js,1,43,8
JavaScript,gun/node_modules/ramda/es/tap.js,1,20,8
JavaScript,gun/node_modules/ramda/es/whereEq.js,1,28,8
JavaScript,gun/node_modules/ramda/es/without.js,1,19,8
JavaScript,gun/node_modules/ramda/src/bind.js,4,22,8
JavaScript,gun/node_modules/ramda/src/clamp.js,3,20,8
JavaScript,gun/node_modules/ramda/src/drop.js,6,24,8
JavaScript,gun/node_modules/ramda/src/ifElse.js,4,25,8
JavaScript,gun/node_modules/ramda/src/insert.js,4,18,8
JavaScript,gun/node_modules/ramda/src/internal/_assertPromise.js,2,0,8
JavaScript,gun/node_modules/ramda/src/internal/_objectIs.js,1,5,8
JavaScript,gun/node_modules/ramda/src/internal/_xfBase.js,0,0,8
JavaScript,gun/node_modules/ramda/src/juxt.js,4,17,8
JavaScript,gun/node_modules/ramda/src/lensIndex.js,6,20,8
JavaScript,gun/node_modules/ramda/src/lensPath.js,6,24,8
JavaScript,gun/node_modules/ramda/src/lensProp.js,6,20,8
JavaScript,gun/node_modules/ramda/src/mergeDeepLeft.js,4,21,8
JavaScript,gun/node_modules/ramda/src/mergeDeepRight.js,4,21,8
JavaScript,gun/node_modules/ramda/src/mergeDeepWith.js,4,27,8
JavaScript,gun/node_modules/ramda/src/mergeWith.js,4,23,8
JavaScript,gun/node_modules/ramda/src/take.js,6,43,8
JavaScript,gun/node_modules/ramda/src/tap.js,5,20,8
JavaScript,gun/node_modules/ramda/src/whereEq.js,6,28,8
JavaScript,gun/node_modules/ramda/src/without.js,6,19,8
JavaScript,gun/node_modules/ramda/es/always.js,1,19,7
JavaScript,gun/node_modules/ramda/es/ascend.js,1,25,7
JavaScript,gun/node_modules/ramda/es/comparator.js,1,23,7
JavaScript,gun/node_modules/ramda/es/composeWith.js,1,22,7
JavaScript,gun/node_modules/ramda/es/descend.js,1,25,7
JavaScript,gun/node_modules/ramda/es/dropRepeats.js,1,18,7
JavaScript,gun/node_modules/ramda/es/endsWith.js,1,22,7
JavaScript,gun/node_modules/ramda/es/indexOf.js,1,19,7
JavaScript,gun/node_modules/ramda/es/internal/_assertPromise.js,1,0,7
JavaScript,gun/node_modules/ramda/es/internal/_xchain.js,1,0,7
JavaScript,gun/node_modules/ramda/es/isEmpty.js,1,21,7
JavaScript,gun/node_modules/ramda/es/none.js,1,25,7
JavaScript,gun/node_modules/ramda/es/nth.js,1,26,7
JavaScript,gun/node_modules/ramda/es/objOf.js,1,20,7
JavaScript,gun/node_modules/ramda/es/otherwise.js,2,27,7
JavaScript,gun/node_modules/ramda/es/pathEq.js,1,24,7
JavaScript,gun/node_modules/ramda/es/pathOr.js,1,19,7
JavaScript,gun/node_modules/ramda/es/pluck.js,1,27,7
JavaScript,gun/node_modules/ramda/es/reject.js,1,24,7
JavaScript,gun/node_modules/ramda/es/remove.js,1,20,7
JavaScript,gun/node_modules/ramda/es/repeat.js,1,23,7
JavaScript,gun/node_modules/ramda/es/set.js,1,22,7
JavaScript,gun/node_modules/ramda/es/splitAt.js,1,18,7
JavaScript,gun/node_modules/ramda/es/startsWith.js,1,22,7
JavaScript,gun/node_modules/ramda/es/symmetricDifference.js,1,18,7
JavaScript,gun/node_modules/ramda/es/symmetricDifferenceWith.js,1,22,7
JavaScript,gun/node_modules/ramda/es/then.js,2,25,7
JavaScript,gun/node_modules/ramda/es/transduce.js,1,47,7
JavaScript,gun/node_modules/ramda/es/traverse.js,1,26,7
JavaScript,gun/node_modules/ramda/es/unapply.js,1,24,7
JavaScript,gun/node_modules/ramda/es/unionWith.js,1,22,7
JavaScript,gun/node_modules/ramda/es/update.js,1,22,7
JavaScript,gun/node_modules/ramda/src/always.js,3,19,7
JavaScript,gun/node_modules/ramda/src/ascend.js,3,25,7
JavaScript,gun/node_modules/ramda/src/comparator.js,3,23,7
JavaScript,gun/node_modules/ramda/src/composeWith.js,5,22,7
JavaScript,gun/node_modules/ramda/src/descend.js,3,25,7
JavaScript,gun/node_modules/ramda/src/dropRepeats.js,7,18,7
JavaScript,gun/node_modules/ramda/src/endsWith.js,5,22,7
JavaScript,gun/node_modules/ramda/src/indexOf.js,5,19,7
JavaScript,gun/node_modules/ramda/src/internal/_forceReduced.js,0,0,7
JavaScript,gun/node_modules/ramda/src/internal/_reduced.js,0,0,7
JavaScript,gun/node_modules/ramda/src/internal/_xchain.js,3,0,7
JavaScript,gun/node_modules/ramda/src/isEmpty.js,5,21,7
JavaScript,gun/node_modules/ramda/src/none.js,5,25,7
JavaScript,gun/node_modules/ramda/src/nth.js,4,26,7
JavaScript,gun/node_modules/ramda/src/objOf.js,3,20,7
JavaScript,gun/node_modules/ramda/src/otherwise.js,5,27,7
JavaScript,gun/node_modules/ramda/src/pathEq.js,5,24,7
JavaScript,gun/node_modules/ramda/src/pathOr.js,5,19,7
JavaScript,gun/node_modules/ramda/src/pluck.js,5,27,7
JavaScript,gun/node_modules/ramda/src/reject.js,5,24,7
JavaScript,gun/node_modules/ramda/src/remove.js,3,20,7
JavaScript,gun/node_modules/ramda/src/repeat.js,5,23,7
JavaScript,gun/node_modules/ramda/src/set.js,5,22,7
JavaScript,gun/node_modules/ramda/src/splitAt.js,5,18,7
JavaScript,gun/node_modules/ramda/src/startsWith.js,5,22,7
JavaScript,gun/node_modules/ramda/src/symmetricDifference.js,5,18,7
JavaScript,gun/node_modules/ramda/src/symmetricDifferenceWith.js,5,22,7
JavaScript,gun/node_modules/ramda/src/then.js,5,25,7
JavaScript,gun/node_modules/ramda/src/transduce.js,5,47,7
JavaScript,gun/node_modules/ramda/src/traverse.js,5,26,7
JavaScript,gun/node_modules/ramda/src/unapply.js,3,24,7
JavaScript,gun/node_modules/ramda/src/unionWith.js,5,22,7
JavaScript,gun/node_modules/ramda/src/update.js,5,22,7
JavaScript,gun/node_modules/ws/browser.js,1,0,7
JavaScript,gun/node_modules/ws/index.js,3,0,7
JavaScript,gun/node_modules/@peculiar/asn1-schema/build/es2015/errors/schema_validation.js,0,0,6
JavaScript,gun/node_modules/ramda/es/aperture.js,1,21,6
JavaScript,gun/node_modules/ramda/es/append.js,1,20,6
JavaScript,gun/node_modules/ramda/es/binary.js,1,28,6
JavaScript,gun/node_modules/ramda/es/clone.js,1,21,6
JavaScript,gun/node_modules/ramda/es/construct.js,1,32,6
JavaScript,gun/node_modules/ramda/es/curry.js,1,41,6
JavaScript,gun/node_modules/ramda/es/dropLast.js,1,23,6
JavaScript,gun/node_modules/ramda/es/dropLastWhile.js,1,27,6
JavaScript,gun/node_modules/ramda/es/eqBy.js,1,17,6
JavaScript,gun/node_modules/ramda/es/eqProps.js,1,21,6
JavaScript,gun/node_modules/ramda/es/equals.js,1,25,6
JavaScript,gun/node_modules/ramda/es/has.js,1,24,6
JavaScript,gun/node_modules/ramda/es/insertAll.js,1,18,6
JavaScript,gun/node_modules/ramda/es/internal/_forceReduced.js,0,0,6
JavaScript,gun/node_modules/ramda/es/internal/_reduced.js,0,0,6
JavaScript,gun/node_modules/ramda/es/length.js,1,15,6
JavaScript,gun/node_modules/ramda/es/lift.js,1,22,6
JavaScript,gun/node_modules/ramda/es/mean.js,1,16,6
JavaScript,gun/node_modules/ramda/es/merge.js,1,24,6
JavaScript,gun/node_modules/ramda/es/mergeAll.js,1,17,6
JavaScript,gun/node_modules/ramda/es/mergeLeft.js,1,22,6
JavaScript,gun/node_modules/ramda/es/mergeRight.js,1,22,6
JavaScript,gun/node_modules/ramda/es/pathSatisfies.js,1,19,6
JavaScript,gun/node_modules/ramda/es/prepend.js,1,17,6
JavaScript,gun/node_modules/ramda/es/project.js,1,19,6
JavaScript,gun/node_modules/ramda/es/prop.js,2,19,6
JavaScript,gun/node_modules/ramda/es/propEq.js,1,25,6
JavaScript,gun/node_modules/ramda/es/propIs.js,1,20,6
JavaScript,gun/node_modules/ramda/es/propOr.js,1,26,6
JavaScript,gun/node_modules/ramda/es/reverse.js,1,24,6
JavaScript,gun/node_modules/ramda/es/slice.js,1,24,6
JavaScript,gun/node_modules/ramda/es/takeLast.js,1,22,6
JavaScript,gun/node_modules/ramda/es/toString.js,1,36,6
JavaScript,gun/node_modules/ramda/es/unary.js,1,28,6
JavaScript,gun/node_modules/ramda/es/union.js,1,17,6
JavaScript,gun/node_modules/ramda/src/aperture.js,6,21,6
JavaScript,gun/node_modules/ramda/src/append.js,4,20,6
JavaScript,gun/node_modules/ramda/src/binary.js,4,28,6
JavaScript,gun/node_modules/ramda/src/clone.js,4,21,6
JavaScript,gun/node_modules/ramda/src/construct.js,4,32,6
JavaScript,gun/node_modules/ramda/src/curry.js,4,41,6
JavaScript,gun/node_modules/ramda/src/dropLast.js,6,23,6
JavaScript,gun/node_modules/ramda/src/dropLastWhile.js,6,27,6
JavaScript,gun/node_modules/ramda/src/eqBy.js,4,17,6
JavaScript,gun/node_modules/ramda/src/eqProps.js,4,21,6
JavaScript,gun/node_modules/ramda/src/equals.js,4,25,6
JavaScript,gun/node_modules/ramda/src/has.js,4,24,6
JavaScript,gun/node_modules/ramda/src/insertAll.js,3,18,6
JavaScript,gun/node_modules/ramda/src/internal/_complement.js,0,0,6
JavaScript,gun/node_modules/ramda/src/internal/_pipe.js,0,0,6
JavaScript,gun/node_modules/ramda/src/internal/_quote.js,1,0,6
JavaScript,gun/node_modules/ramda/src/length.js,4,15,6
JavaScript,gun/node_modules/ramda/src/lift.js,4,22,6
JavaScript,gun/node_modules/ramda/src/mean.js,4,16,6
JavaScript,gun/node_modules/ramda/src/merge.js,4,24,6
JavaScript,gun/node_modules/ramda/src/mergeAll.js,4,17,6
JavaScript,gun/node_modules/ramda/src/mergeLeft.js,4,22,6
JavaScript,gun/node_modules/ramda/src/mergeRight.js,4,22,6
JavaScript,gun/node_modules/ramda/src/pathSatisfies.js,4,19,6
JavaScript,gun/node_modules/ramda/src/prepend.js,4,17,6
JavaScript,gun/node_modules/ramda/src/project.js,6,19,6
JavaScript,gun/node_modules/ramda/src/prop.js,3,19,6
JavaScript,gun/node_modules/ramda/src/propEq.js,4,25,6
JavaScript,gun/node_modules/ramda/src/propIs.js,4,20,6
JavaScript,gun/node_modules/ramda/src/propOr.js,4,26,6
JavaScript,gun/node_modules/ramda/src/reverse.js,4,24,6
JavaScript,gun/node_modules/ramda/src/slice.js,4,24,6
JavaScript,gun/node_modules/ramda/src/takeLast.js,4,22,6
JavaScript,gun/node_modules/ramda/src/toString.js,4,36,6
JavaScript,gun/node_modules/ramda/src/unary.js,4,28,6
JavaScript,gun/node_modules/ramda/src/union.js,6,17,6
JavaScript,gun/node_modules/utf-8-validate/index.js,1,0,6
JavaScript,gun/node_modules/@peculiar/asn1-schema/build/cjs/storage.js,0,0,5
JavaScript,gun/node_modules/@peculiar/asn1-schema/build/cjs/types/index.js,0,0,5
JavaScript,gun/node_modules/emailjs/email.js,0,0,5
JavaScript,gun/node_modules/ramda/es/add.js,1,17,5
JavaScript,gun/node_modules/ramda/es/and.js,1,19,5
JavaScript,gun/node_modules/ramda/es/apply.js,1,20,5
JavaScript,gun/node_modules/ramda/es/applyTo.js,1,19,5
JavaScript,gun/node_modules/ramda/es/call.js,1,32,5
JavaScript,gun/node_modules/ramda/es/countBy.js,1,24,5
JavaScript,gun/node_modules/ramda/es/defaultTo.js,1,23,5
JavaScript,gun/node_modules/ramda/es/divide.js,1,22,5
JavaScript,gun/node_modules/ramda/es/gt.js,1,21,5
JavaScript,gun/node_modules/ramda/es/gte.js,1,21,5
JavaScript,gun/node_modules/ramda/es/hasIn.js,1,26,5
JavaScript,gun/node_modules/ramda/es/indexBy.js,1,22,5
JavaScript,gun/node_modules/ramda/es/internal/_complement.js,0,0,5
JavaScript,gun/node_modules/ramda/es/internal/_pipe.js,0,0,5
JavaScript,gun/node_modules/ramda/es/internal/_quote.js,1,0,5
JavaScript,gun/node_modules/ramda/es/is.js,1,23,5
JavaScript,gun/node_modules/ramda/es/isNil.js,1,17,5
JavaScript,gun/node_modules/ramda/es/lt.js,1,21,5
JavaScript,gun/node_modules/ramda/es/lte.js,1,21,5
JavaScript,gun/node_modules/ramda/es/match.js,1,21,5
JavaScript,gun/node_modules/ramda/es/max.js,1,17,5
JavaScript,gun/node_modules/ramda/es/maxBy.js,1,24,5
JavaScript,gun/node_modules/ramda/es/min.js,1,17,5
JavaScript,gun/node_modules/ramda/es/minBy.js,1,24,5
JavaScript,gun/node_modules/ramda/es/modulo.js,1,25,5
JavaScript,gun/node_modules/ramda/es/multiply.js,1,20,5
JavaScript,gun/node_modules/ramda/es/negate.js,1,14,5
JavaScript,gun/node_modules/ramda/es/not.js,1,19,5
JavaScript,gun/node_modules/ramda/es/o.js,1,27,5
JavaScript,gun/node_modules/ramda/es/or.js,1,20,5
JavaScript,gun/node_modules/ramda/es/pair.js,1,16,5
JavaScript,gun/node_modules/ramda/es/partialRight.js,1,24,5
JavaScript,gun/node_modules/ramda/es/partition.js,1,24,5
JavaScript,gun/node_modules/ramda/es/propSatisfies.js,1,19,5
JavaScript,gun/node_modules/ramda/es/replace.js,1,24,5
JavaScript,gun/node_modules/ramda/es/sort.js,1,20,5
JavaScript,gun/node_modules/ramda/es/subtract.js,1,23,5
JavaScript,gun/node_modules/ramda/es/tail.js,1,27,5
JavaScript,gun/node_modules/ramda/es/type.js,1,25,5
JavaScript,gun/node_modules/ramda/es/unless.js,1,24,5
JavaScript,gun/node_modules/ramda/es/when.js,1,28,5
JavaScript,gun/node_modules/ramda/src/add.js,3,17,5
JavaScript,gun/node_modules/ramda/src/and.js,3,19,5
JavaScript,gun/node_modules/ramda/src/apply.js,3,20,5
JavaScript,gun/node_modules/ramda/src/applyTo.js,3,19,5
JavaScript,gun/node_modules/ramda/src/call.js,3,32,5
JavaScript,gun/node_modules/ramda/src/countBy.js,3,24,5
JavaScript,gun/node_modules/ramda/src/defaultTo.js,3,23,5
JavaScript,gun/node_modules/ramda/src/divide.js,3,22,5
JavaScript,gun/node_modules/ramda/src/gt.js,3,21,5
JavaScript,gun/node_modules/ramda/src/gte.js,3,21,5
JavaScript,gun/node_modules/ramda/src/hasIn.js,3,26,5
JavaScript,gun/node_modules/ramda/src/indexBy.js,3,22,5
JavaScript,gun/node_modules/ramda/src/internal/_dropLast.js,1,0,5
JavaScript,gun/node_modules/ramda/src/internal/_functionName.js,0,1,5
JavaScript,gun/node_modules/ramda/src/internal/_includes.js,1,0,5
JavaScript,gun/node_modules/ramda/src/is.js,3,23,5
JavaScript,gun/node_modules/ramda/src/isNil.js,3,17,5
JavaScript,gun/node_modules/ramda/src/lt.js,3,21,5
JavaScript,gun/node_modules/ramda/src/lte.js,3,21,5
JavaScript,gun/node_modules/ramda/src/match.js,3,21,5
JavaScript,gun/node_modules/ramda/src/max.js,3,17,5
JavaScript,gun/node_modules/ramda/src/maxBy.js,3,24,5
JavaScript,gun/node_modules/ramda/src/min.js,3,17,5
JavaScript,gun/node_modules/ramda/src/minBy.js,3,24,5
JavaScript,gun/node_modules/ramda/src/modulo.js,3,25,5
JavaScript,gun/node_modules/ramda/src/multiply.js,3,20,5
JavaScript,gun/node_modules/ramda/src/negate.js,3,14,5
JavaScript,gun/node_modules/ramda/src/not.js,3,19,5
JavaScript,gun/node_modules/ramda/src/o.js,3,27,5
JavaScript,gun/node_modules/ramda/src/or.js,3,20,5
JavaScript,gun/node_modules/ramda/src/pair.js,3,16,5
JavaScript,gun/node_modules/ramda/src/partialRight.js,5,24,5
JavaScript,gun/node_modules/ramda/src/partition.js,5,24,5
JavaScript,gun/node_modules/ramda/src/propSatisfies.js,3,19,5
JavaScript,gun/node_modules/ramda/src/replace.js,3,24,5
JavaScript,gun/node_modules/ramda/src/sort.js,3,20,5
JavaScript,gun/node_modules/ramda/src/subtract.js,3,23,5
JavaScript,gun/node_modules/ramda/src/tail.js,5,27,5
JavaScript,gun/node_modules/ramda/src/type.js,3,25,5
JavaScript,gun/node_modules/ramda/src/unless.js,3,24,5
JavaScript,gun/node_modules/ramda/src/when.js,3,28,5
JavaScript,gun/node_modules/text-encoding/index.js,2,2,5
JavaScript,gun/node_modules/@peculiar/asn1-schema/build/cjs/errors/index.js,0,0,4
JavaScript,gun/node_modules/emailjs-base64/src/base64.js,0,0,4
JavaScript,gun/node_modules/ramda/es/F.js,2,15,4
JavaScript,gun/node_modules/ramda/es/T.js,2,15,4
JavaScript,gun/node_modules/ramda/es/complement.js,1,22,4
JavaScript,gun/node_modules/ramda/es/contains.js,1,23,4
JavaScript,gun/node_modules/ramda/es/flatten.js,1,17,4
JavaScript,gun/node_modules/ramda/es/identical.js,1,25,4
JavaScript,gun/node_modules/ramda/es/identity.js,1,19,4
JavaScript,gun/node_modules/ramda/es/includes.js,1,22,4
JavaScript,gun/node_modules/ramda/es/internal/_dropLast.js,1,0,4
JavaScript,gun/node_modules/ramda/es/internal/_functionName.js,0,1,4
JavaScript,gun/node_modules/ramda/es/internal/_includes.js,1,0,4
JavaScript,gun/node_modules/ramda/es/of.js,1,18,4
JavaScript,gun/node_modules/ramda/es/partial.js,1,28,4
JavaScript,gun/node_modules/ramda/es/product.js,1,15,4
JavaScript,gun/node_modules/ramda/es/reduce.js,1,46,4
JavaScript,gun/node_modules/ramda/es/reduced.js,1,25,4
JavaScript,gun/node_modules/ramda/es/sum.js,1,15,4
JavaScript,gun/node_modules/ramda/es/uniq.js,1,17,4
JavaScript,gun/node_modules/ramda/es/unnest.js,1,17,4
JavaScript,gun/node_modules/ramda/src/F.js,2,15,4
JavaScript,gun/node_modules/ramda/src/T.js,2,15,4
JavaScript,gun/node_modules/ramda/src/complement.js,4,22,4
JavaScript,gun/node_modules/ramda/src/contains.js,4,23,4
JavaScript,gun/node_modules/ramda/src/flatten.js,4,17,4
JavaScript,gun/node_modules/ramda/src/identical.js,4,25,4
JavaScript,gun/node_modules/ramda/src/identity.js,4,19,4
JavaScript,gun/node_modules/ramda/src/includes.js,4,22,4
JavaScript,gun/node_modules/ramda/src/internal/_cloneRegExp.js,0,0,4
JavaScript,gun/node_modules/ramda/src/internal/_has.js,0,0,4
JavaScript,gun/node_modules/ramda/src/internal/_identity.js,0,0,4
JavaScript,gun/node_modules/ramda/src/internal/_isFunction.js,0,0,4
JavaScript,gun/node_modules/ramda/src/internal/_isNumber.js,0,0,4
JavaScript,gun/node_modules/ramda/src/internal/_isObject.js,0,0,4
JavaScript,gun/node_modules/ramda/src/internal/_isPlaceholder.js,0,0,4
JavaScript,gun/node_modules/ramda/src/internal/_isRegExp.js,0,0,4
JavaScript,gun/node_modules/ramda/src/internal/_isString.js,0,0,4
JavaScript,gun/node_modules/ramda/src/internal/_isTransformer.js,0,0,4
JavaScript,gun/node_modules/ramda/src/internal/_of.js,0,0,4
JavaScript,gun/node_modules/ramda/src/of.js,4,18,4
JavaScript,gun/node_modules/ramda/src/partial.js,4,28,4
JavaScript,gun/node_modules/ramda/src/product.js,4,15,4
JavaScript,gun/node_modules/ramda/src/reduce.js,4,46,4
JavaScript,gun/node_modules/ramda/src/reduced.js,4,25,4
JavaScript,gun/node_modules/ramda/src/sum.js,4,15,4
JavaScript,gun/node_modules/ramda/src/uniq.js,4,17,4
JavaScript,gun/node_modules/ramda/src/unnest.js,4,17,4
JavaScript,gun/node_modules/ramda/es/dec.js,1,15,3
JavaScript,gun/node_modules/ramda/es/head.js,1,21,3
JavaScript,gun/node_modules/ramda/es/inc.js,1,15,3
JavaScript,gun/node_modules/ramda/es/init.js,1,24,3
JavaScript,gun/node_modules/ramda/es/internal/_cloneRegExp.js,0,0,3
JavaScript,gun/node_modules/ramda/es/internal/_has.js,0,0,3
JavaScript,gun/node_modules/ramda/es/internal/_identity.js,0,0,3
JavaScript,gun/node_modules/ramda/es/internal/_isArray.js,0,12,3
JavaScript,gun/node_modules/ramda/es/internal/_isFunction.js,0,0,3
JavaScript,gun/node_modules/ramda/es/internal/_isInteger.js,0,8,3
JavaScript,gun/node_modules/ramda/es/internal/_isNumber.js,0,0,3
JavaScript,gun/node_modules/ramda/es/internal/_isObject.js,0,0,3
JavaScript,gun/node_modules/ramda/es/internal/_isPlaceholder.js,0,0,3
JavaScript,gun/node_modules/ramda/es/internal/_isRegExp.js,0,0,3
JavaScript,gun/node_modules/ramda/es/internal/_isString.js,0,0,3
JavaScript,gun/node_modules/ramda/es/internal/_isTransformer.js,0,0,3
JavaScript,gun/node_modules/ramda/es/internal/_of.js,0,0,3
JavaScript,gun/node_modules/ramda/es/join.js,1,19,3
JavaScript,gun/node_modules/ramda/es/last.js,1,20,3
JavaScript,gun/node_modules/ramda/es/split.js,1,20,3
JavaScript,gun/node_modules/ramda/es/toLower.js,1,15,3
JavaScript,gun/node_modules/ramda/es/toUpper.js,1,15,3
JavaScript,gun/node_modules/ramda/src/dec.js,3,15,3
JavaScript,gun/node_modules/ramda/src/head.js,3,21,3
JavaScript,gun/node_modules/ramda/src/inc.js,3,15,3
JavaScript,gun/node_modules/ramda/src/init.js,3,24,3
JavaScript,gun/node_modules/ramda/src/internal/_isArray.js,0,12,3
JavaScript,gun/node_modules/ramda/src/internal/_isInteger.js,0,8,3
JavaScript,gun/node_modules/ramda/src/join.js,3,19,3
JavaScript,gun/node_modules/ramda/src/last.js,3,20,3
JavaScript,gun/node_modules/ramda/src/split.js,3,20,3
JavaScript,gun/node_modules/ramda/src/toLower.js,3,15,3
JavaScript,gun/node_modules/ramda/src/toUpper.js,3,15,3
JavaScript,gun/node_modules/@peculiar/asn1-schema/build/cjs/types.js,0,0,2
JavaScript,gun/node_modules/@peculiar/asn1-schema/build/es2015/storage.js,0,0,2
JavaScript,gun/node_modules/emailjs-mime-codec/testutils.js,1,0,2
JavaScript,gun/node_modules/node-gyp-build/optional.js,2,3,2
JavaScript,gun/node_modules/@peculiar/asn1-schema/build/es2015/types.js,0,0,1
JavaScript,gun/node_modules/ramda/dist/ramda.min.js,0,0,1
JavaScript,gun/node_modules/ramda/es/__.js,0,27,1
JavaScript,gun/node_modules/ramda/src/__.js,0,27,1
SUM,,6461,25952,37027
